"contact_id","first_name","last_name","email","last_updated"
4661,"Cecilia","Velasco","cecilia.velasco@rodrigues.fr","2024-01-04 20:04:00.840999"
3765,"Mariana","Ellis","mariana.ellis@rossi.org","2024-01-04 20:04:00.840999"
4187,"Sofie","Woods","sofie.woods@riviere.com","2024-01-04 20:04:00.840999"
4941,"Jeanette","Iannotti","jeanette.iannotti@yahoo.com","2024-01-04 20:04:00.840999"
2199,"Samuel","Sorgatz","samuel.sorgatz@gmail.com","2024-01-04 20:04:00.840999"
5650,"Socorro","Luna","socorro.luna@hotmail.com","2024-01-04 20:04:00.840999"
5889,"Carolina","Murray","carolina.murray@knight.com","2024-01-04 20:04:00.840999"
4842,"Kayla","Moon","kayla.moon@yahoo.de","2024-01-04 20:04:00.840999"
3280,"Ariadna","Geisel","ariadna.geisel@rangel.com","2024-01-04 20:04:00.840999"
5468,"Danielle","Ladeck","danielle.ladeck@scalfaro.net","2024-01-04 20:04:00.840999"
3064,"Tatiana","Thompson","tatiana.thompson@hunt.net","2024-01-04 20:04:00.840999"
4904,"Caleb","Benavides","caleb.benavides@rubio.com","2024-01-04 20:04:00.840999"
1299,"Sandra","Hardy","sandra.hardy@web.de","2024-01-04 20:04:00.840999"
5602,"Lotti","Morris","lotti.morris@yahoo.co.uk","2024-01-04 20:04:00.840999"
5753,"Reinhilde","White","reinhilde.white@voila.fr","2024-01-04 20:04:00.840999"
4495,"Kerry","Patel","kerry.patel@hutchinson.com","2024-01-04 20:04:00.840999"
4269,"Sophie","Antoine","sophie.antoine@andersen.com","2024-01-04 20:04:00.840999"
2226,"Martha","Girard","martha.girard@web.de","2024-01-04 20:04:00.840999"
1558,"Stephanie","King","stephanie.king@cervantes.com","2024-01-04 20:04:00.840999"
2307,"Amanda","Palmer","amanda.palmer@didier.fr","2024-01-04 20:04:00.840999"
2900,"Lina","Alcala","lina.alcala@vespa.net","2024-01-04 20:04:00.840999"
5695,"Itzel","Murphy","itzel.murphy@muelichen.de","2024-01-04 20:04:00.840999"
5708,"Filippo","Parry","filippo.parry@live.com","2024-01-04 20:04:00.840999"
1663,"Katelyn","Cole","katelyn.cole@fiebig.com","2024-01-04 20:04:00.840999"
3605,"Brian","Novak","brian.novak@ford.net","2024-01-04 20:04:00.840999"
4678,"Cilly","Gay","cilly.gay@callegaro.it","2024-01-04 20:04:00.840999"
2251,"Yolanda","Snyder","yolanda.snyder@gmx.de","2024-01-04 20:04:00.840999"
6202,"Evelin","Odonnell","evelin.odonnell@ibarra.net","2024-01-04 20:04:00.840999"
3715,"Ingeborg","Alba","ingeborg.alba@hotmail.com","2024-01-04 20:04:00.840999"
4242,"Marina","Madrid","marina.madrid@galarza-alba.com","2024-01-04 20:04:00.840999"
4326,"Sheila","Goodwin","sheila.goodwin@yahoo.com","2024-01-04 20:04:00.840999"
5560,"Valeria","Rich","valeria.rich@turchetta-mondadori.it","2024-01-04 20:04:00.840999"
4002,"Dustin","Camacho","dustin.camacho@rhodes.org.au","2024-01-04 20:04:00.840999"
3813,"Amalia","Marenzio","amalia.marenzio@grupo.com","2024-01-04 20:04:00.840999"
5336,"Gian","Long","gian.long@hotmail.com","2024-01-04 20:04:00.840999"
4994,"Stewart","Hunt","stewart.hunt@anderson-vargas.biz","2024-01-04 20:04:00.840999"
1471,"Greca","Ruiz","greca.ruiz@carr.co.uk","2024-01-04 20:04:00.840999"
4482,"Gerald","Olivera","gerald.olivera@outlook.com","2024-01-04 20:04:00.840999"
3241,"Jaqueline","Wallace","jaqueline.wallace@gmail.com","2024-01-04 20:04:00.840999"
3477,"John","Lane","john.lane@gregoire.fr","2024-01-04 20:04:00.840999"
2265,"Pero","Joly","pero.joly@bernard.net","2024-01-04 20:04:00.840999"
5911,"Chad","Turner","chad.turner@gmail.com","2024-01-04 20:04:00.840999"
2288,"Adam","Zavala","adam.zavala@guichard.fr","2024-01-04 20:04:00.840999"
4064,"Tyler","Rivera","tyler.rivera@guajardo-ozuna.com","2024-01-04 20:04:00.840999"
1294,"Jens","Graham","jens.graham@jones-buckley.com","2024-01-04 20:04:00.840999"
5008,"Virginia","Caetani","virginia.caetani@sosa.biz","2024-01-04 20:04:00.840999"
3604,"Martino","Wagner","martino.wagner@laposte.net","2024-01-04 20:04:00.840999"
3263,"Martin","Meyer","martin.meyer@davis.co.uk","2024-01-04 20:04:00.840999"
5631,"Marguerite","Walls","marguerite.walls@martinez.fr","2024-01-04 20:04:00.840999"
2851,"Peter","Vogt","peter.vogt@yahoo.com","2024-01-04 20:04:00.840999"
3714,"Nicholas","Christian","nicholas.christian@hotmail.de","2024-01-04 20:04:00.840999"
1664,"Susi","Steinberg","susi.steinberg@preiss.com","2024-01-04 20:04:00.840999"
5027,"Tammy","Ramazzotti","tammy.ramazzotti@gmail.com","2024-01-04 20:04:00.840999"
3070,"Abdul","Thomas","abdul.thomas@vasari.com","2024-01-04 20:04:00.840999"
4248,"Justin","Luxardo","justin.luxardo@googlemail.com","2024-01-04 20:04:00.840999"
2034,"Antonio","Gibson","antonio.gibson@faust.net","2024-01-04 20:04:00.840999"
4085,"Jeremy","Gomez","jeremy.gomez@oconnor.org","2024-01-04 20:04:00.840999"
3569,"Raymond","Solorzano","raymond.solorzano@gmail.com","2024-01-04 20:04:00.840999"
3889,"Flora","Harris","flora.harris@hotmail.com.au","2024-01-04 20:04:00.840999"
3136,"Cheryl","Boyd","cheryl.boyd@segni.it","2024-01-04 20:04:00.840999"
2103,"Rhys","Leiva","rhys.leiva@gmx.de","2024-01-04 20:04:00.840999"
2329,"Mariano","Prieto","mariano.prieto@vodafone.it","2024-01-04 20:04:00.840999"
3325,"Laurie","Fibonacci","laurie.fibonacci@gmail.com","2024-01-04 20:04:00.840999"
3131,"David","Rudolph","david.rudolph@nelson.com","2024-01-04 20:04:00.840999"
4995,"Bryan","Ross","bryan.ross@yahoo.com","2024-01-04 20:04:00.840999"
3631,"Ubaldo","Brown","ubaldo.brown@philippe.com","2024-01-04 20:04:00.840999"
5373,"Clelia","Faulkner","clelia.faulkner@hotmail.com","2024-01-04 20:04:00.840999"
3126,"Sara","Erickson","sara.erickson@yahoo.de","2024-01-04 20:04:00.840999"
2194,"Rupert","Valle","rupert.valle@filogamo.it","2024-01-04 20:04:00.840999"
2906,"Puccio","Kitzmann","puccio.kitzmann@yahoo.com","2024-01-04 20:04:00.840999"
2611,"Thomas","Hutchinson","thomas.hutchinson@gmx.de","2024-01-04 20:04:00.840999"
2374,"Abelardo","Castro","abelardo.castro@gmail.com","2024-01-04 20:04:00.840999"
3254,"Greco","Walker","greco.walker@yahoo.com","2024-01-04 20:04:00.840999"
3571,"Miranda","Lacombe","miranda.lacombe@longoria-vanegas.net","2024-01-04 20:04:00.840999"
2812,"Diana","Schuchhardt","diana.schuchhardt@libero.it","2024-01-04 20:04:00.840999"
3961,"Stacey","Knox","stacey.knox@corporacin.com","2024-01-04 20:04:00.840999"
3872,"Glen","Faivre","glen.faivre@yahoo.com","2024-01-04 20:04:00.840999"
4736,"Andrew","Torres","andrew.torres@ruiz-torres.org","2024-01-04 20:04:00.840999"
5119,"Denny","Fritz","denny.fritz@despacho.biz","2024-01-04 20:04:00.840999"
5725,"Martyn","Caldera","martyn.caldera@hotmail.co.uk","2024-01-04 20:04:00.840999"
4037,"Abigail","Foster","abigail.foster@taylor.net","2024-01-04 20:04:00.840999"
2109,"Anthony","Hauffer","anthony.hauffer@tlustek.org","2024-01-04 20:04:00.840999"
3283,"Roger","Gerlach","roger.gerlach@may-mitchell.co.uk","2024-01-04 20:04:00.840999"
6181,"Christopher","Poirier","christopher.poirier@hotmail.com","2024-01-04 20:04:00.840999"
3251,"Branka","Traore","branka.traore@jacobi.com","2024-01-04 20:04:00.840999"
3443,"Briana","Etienne","briana.etienne@bishop-coates.com","2024-01-04 20:04:00.840999"
2988,"Brandon","Olson","brandon.olson@prince-moreno.net","2024-01-04 20:04:00.840999"
1673,"Celia","Ungaretti","celia.ungaretti@fox.com","2024-01-04 20:04:00.840999"
2085,"Barbara","Guibert","barbara.guibert@casares-sanches.com","2024-01-04 20:04:00.840999"
1672,"Daniela","Bell","daniela.bell@vollbrecht.org","2024-01-04 20:04:00.840999"
4426,"Phyllis","Gurule","phyllis.gurule@rodriguez-pham.com","2024-01-04 20:04:00.840999"
3211,"Alejandra","Joseph","alejandra.joseph@escalante-abrego.biz","2024-01-04 20:04:00.840999"
3190,"Giulio","Bohlander","giulio.bohlander@dbmail.com","2024-01-04 20:04:00.840999"
2081,"Amber","Weller","amber.weller@toso.eu","2024-01-04 20:04:00.840999"
3185,"Mary","Etzold","mary.etzold@conrad-harrison.com","2024-01-04 20:04:00.840999"
5044,"Amy","Georges","amy.georges@raedel.de","2024-01-04 20:04:00.840999"
1883,"Jennifer","Giraud","jennifer.giraud@yahoo.com","2024-01-04 20:04:00.840999"
2067,"Rosie","Peltier","rosie.peltier@voila.fr","2024-01-04 20:04:00.840999"
4604,"Oreste","Ward","oreste.ward@proyectos.com","2024-01-04 20:04:00.840999"
3203,"Luis","Edwards","luis.edwards@live.com","2024-01-04 20:04:00.840999"
5758,"Fiona","Griffiths","fiona.griffiths@curatoli-verdone.it","2024-01-04 20:04:00.840999"
5755,"Sally","Raya","sally.raya@tarchetti.it","2024-01-04 20:04:00.840999"
5150,"Carolyn","Charpentier","carolyn.charpentier@hotmail.de","2024-01-04 20:04:00.840999"
4181,"Nathalie","Alvarez","nathalie.alvarez@live.com","2024-01-04 20:04:00.840999"
3006,"Abril","Lowery","abril.lowery@novak.net","2024-01-04 20:04:00.840999"
4865,"Ottone","Sullivan","ottone.sullivan@hussain-kaur.com","2024-01-04 20:04:00.840999"
2862,"Esmeralda","Sollima","esmeralda.sollima@visintini.it","2024-01-04 20:04:00.840999"
6070,"Silvia","Gierschner","silvia.gierschner@tele2.it","2024-01-04 20:04:00.840999"
5300,"Kyle","Cunningham","kyle.cunningham@voila.fr","2024-01-04 20:04:00.840999"
3486,"Anel","Carpentier","anel.carpentier@klein-joseph.org","2024-01-04 20:04:00.840999"
5989,"Sarah","Davis","sarah.davis@david.com","2024-01-04 20:04:00.840999"
2849,"Luke","Klein","luke.klein@hotmail.com","2024-01-04 20:04:00.840999"
1612,"Gudrun","Mueller","gudrun.mueller@dillon-fuller.info","2024-01-04 20:04:00.840999"
3307,"Melissa","Canali","melissa.canali@libero.it","2024-01-04 20:04:00.840999"
5288,"Gabrielle","Ayala","gabrielle.ayala@hotmail.com","2024-01-04 20:04:00.840999"
6026,"Laura","Buckley","laura.buckley@ryan.org","2024-01-04 20:04:00.840999"
2212,"Wilfrido","Lorch","wilfrido.lorch@leclerc.fr","2024-01-04 20:04:00.840999"
4591,"Robert","Bruder","robert.bruder@manzoni.com","2024-01-04 20:04:00.840999"
2771,"Phillip","Soliz","phillip.soliz@outlook.com","2024-01-04 20:04:00.840999"
5682,"Alex","Smith","alex.smith@fournier.fr","2024-01-04 20:04:00.840999"
5368,"Jessica","Martinez","jessica.martinez@salieri.com","2024-01-04 20:04:00.840999"
3706,"Kelly","Carter","kelly.carter@hotmail.com.au","2024-01-04 20:04:00.840999"
4034,"Ahmad","Sosa","ahmad.sosa@gmail.com","2024-01-04 20:04:00.840999"
3209,"Toralf","Iglesias","toralf.iglesias@borrego.com","2024-01-04 20:04:00.840999"
2384,"Irene","Anichini","irene.anichini@yahoo.com","2024-01-04 20:04:00.840999"
3074,"Alicia","Cainero","alicia.cainero@yahoo.com","2024-01-04 20:04:00.840999"
2031,"Tracey","Laboy","tracey.laboy@bell.biz","2024-01-04 20:04:00.840999"
5873,"Donald","Reynaud","donald.reynaud@green.edu.au","2024-01-04 20:04:00.840999"
5501,"Venancio","Stadelmann","venancio.stadelmann@gmx.de","2024-01-04 20:04:00.840999"
3489,"Seth","Olivier","seth.olivier@yahoo.com","2024-01-04 20:04:00.840999"
4210,"Dennis","Boaga","dennis.boaga@gmx.de","2024-01-04 20:04:00.840999"
6151,"Pedro","Wilson","pedro.wilson@outlook.com","2024-01-04 20:04:00.840999"
6047,"Roland","Weihmann","roland.weihmann@gmail.com","2024-01-04 20:04:00.840999"
5445,"Hector","Morrison","hector.morrison@web.de","2024-01-04 20:04:00.840999"
5493,"Evangelos","Peters","evangelos.peters@sanchez.net","2024-01-04 20:04:00.840999"
6036,"Gerardo","Hamilton","gerardo.hamilton@libero.it","2024-01-04 20:04:00.840999"
2368,"Meta","Cuzzocrea","meta.cuzzocrea@howard-jensen.org","2024-01-04 20:04:00.840999"
1501,"Alma","Raymond","alma.raymond@tin.it","2024-01-04 20:04:00.840999"
4351,"Kathleen","Solimena","kathleen.solimena@wallace.biz","2024-01-04 20:04:00.840999"
3096,"Zacharie","Cordier","zacharie.cordier@gmail.com","2024-01-04 20:04:00.840999"
6162,"Riza","Techer","riza.techer@yahoo.com","2024-01-04 20:04:00.840999"
1433,"Enrique","Guillen","enrique.guillen@hotmail.co.uk","2024-01-04 20:04:00.840999"
2720,"Tristan","Weeks","tristan.weeks@pena.com","2024-01-04 20:04:00.840999"
5251,"Natalie","Lerma","natalie.lerma@boucher.com","2024-01-04 20:04:00.840999"
1797,"Rodney","Hamon","rodney.hamon@hotmail.com","2024-01-04 20:04:00.840999"
1656,"Adalberto","Lombardo","adalberto.lombardo@sfr.fr","2024-01-04 20:04:00.840999"
1346,"Florencia","Querini","florencia.querini@gmail.com","2024-01-04 20:04:00.840999"
2989,"Liam","Rolland","liam.rolland@yahoo.fr","2024-01-04 20:04:00.840999"
5629,"Ian","Kelly","ian.kelly@reeves.com.au","2024-01-04 20:04:00.840999"
3456,"Mehdi","Todd","mehdi.todd@web.de","2024-01-04 20:04:00.840999"
3229,"Rembrandt","Liguori","rembrandt.liguori@davis.org","2024-01-04 20:04:00.840999"
2277,"Irmi","Schweitzer","irmi.schweitzer@ozuna.com","2024-01-04 20:04:00.840999"
1276,"Gioffre","Stein","gioffre.stein@hotmail.com.au","2024-01-04 20:04:00.840999"
3694,"Frida","Villarreal","frida.villarreal@hotmail.de","2024-01-04 20:04:00.840999"
2260,"Steffen","Mangold","steffen.mangold@paul.net","2024-01-04 20:04:00.840999"
5374,"Elias","Marin","elias.marin@herve.net","2024-01-04 20:04:00.840999"
4420,"Roman","Gonzalez","roman.gonzalez@anderson.net","2024-01-04 20:04:00.840999"
3849,"Reina","Middleton","reina.middleton@hotmail.com","2024-01-04 20:04:00.840999"
1638,"Sandro","Moran","sandro.moran@hotmail.de","2024-01-04 20:04:00.840999"
5230,"Gebhard","Thanel","gebhard.thanel@gmail.com","2024-01-04 20:04:00.840999"
1763,"Antonino","Bolander","antonino.bolander@gmail.com","2024-01-04 20:04:00.840999"
4323,"Karl","Trevisani","karl.trevisani@anguissola.it","2024-01-04 20:04:00.840999"
5256,"Silvester","Brookes","silvester.brookes@franco.org","2024-01-04 20:04:00.840999"
4836,"Octavio","Pratt","octavio.pratt@web.de","2024-01-04 20:04:00.840999"
5981,"Rebecca","Greer","rebecca.greer@hotmail.com","2024-01-04 20:04:00.840999"
1463,"Pierina","Gaggini","pierina.gaggini@free.fr","2024-01-04 20:04:00.840999"
4577,"Robin","Schleich","robin.schleich@rogers-barrera.biz","2024-01-04 20:04:00.840999"
4951,"Sergio","Abbott","sergio.abbott@moore.net.au","2024-01-04 20:04:00.840999"
3567,"Gilberto","Evans","gilberto.evans@salcedo-archuleta.net","2024-01-04 20:04:00.840999"
5475,"James","Elliott","james.elliott@gmail.com","2024-01-04 20:04:00.840999"
2114,"Timoteo","Bolnbach","timoteo.bolnbach@laboratorios.com","2024-01-04 20:04:00.840999"
5216,"Tonino","Stanley","tonino.stanley@hotmail.com","2024-01-04 20:04:00.840999"
1665,"Margaretha","Murialdo","margaretha.murialdo@meunier.com","2024-01-04 20:04:00.840999"
6051,"Bianca","Drubin","bianca.drubin@libero.it","2024-01-04 20:04:00.840999"
3983,"Kaylee","Hoffmann","kaylee.hoffmann@poulain.com","2024-01-04 20:04:00.840999"
2966,"Teresa","Vecellio","teresa.vecellio@yahoo.com","2024-01-04 20:04:00.840999"
4478,"Emine","Tacchini","emine.tacchini@dbmail.com","2024-01-04 20:04:00.840999"
4238,"Dawn","Cortez","dawn.cortez@gmail.com","2024-01-04 20:04:00.840999"
4404,"Emily","Cundari","emily.cundari@clark.com.au","2024-01-04 20:04:00.840999"
5666,"Eleanor","Hall","eleanor.hall@hotmail.com","2024-01-04 20:04:00.840999"
3691,"Monique","Delgadillo","monique.delgadillo@hotmail.co.uk","2024-01-04 20:04:00.840999"
2703,"Arnaude","Warner","arnaude.warner@gmail.com","2024-01-04 20:04:00.840999"
4253,"Jason","Howell","jason.howell@gmx.de","2024-01-04 20:04:00.840999"
5652,"Nicole","Mccullough","nicole.mccullough@hall.com","2024-01-04 20:04:00.840999"
3279,"Rosmarie","Esquibel","rosmarie.esquibel@bouygtel.fr","2024-01-04 20:04:00.840999"
3233,"Leonor","Ferreira","leonor.ferreira@gmail.com","2024-01-04 20:04:00.840999"
3017,"Brett","Jones","brett.jones@alice.it","2024-01-04 20:04:00.840999"
3482,"Nino","Bien","nino.bien@gmail.com","2024-01-04 20:04:00.840999"
2166,"Jemma","Tate","jemma.tate@hotmail.de","2024-01-04 20:04:00.840999"
4146,"Denis","Rogers","denis.rogers@poste.it","2024-01-04 20:04:00.840999"
2651,"Vanesa","Khan","vanesa.khan@voila.fr","2024-01-04 20:04:00.840999"
1409,"Victoria","Ojeda","victoria.ojeda@doehn.com","2024-01-04 20:04:00.840999"
3717,"Eugenio","Martin","eugenio.martin@yahoo.de","2024-01-04 20:04:00.840999"
3963,"Nancy","Hayes","nancy.hayes@hotmail.com","2024-01-04 20:04:00.840999"
2152,"Lara","Jacob","lara.jacob@buckley.org","2024-01-04 20:04:00.840999"
2974,"Gino","Hernandez","gino.hernandez@covarrubias.com","2024-01-04 20:04:00.840999"
1268,"Vicente","Tijerina","vicente.tijerina@montanariello.com","2024-01-04 20:04:00.840999"
1822,"Michele","Brambilla","michele.brambilla@yahoo.com","2024-01-04 20:04:00.840999"
5066,"Dana","Ritacca","dana.ritacca@gmail.com","2024-01-04 20:04:00.840999"
5075,"Mitchell","Bachmann","mitchell.bachmann@suarez-cruz.com","2024-01-04 20:04:00.840999"
3855,"Vincenza","Key","vincenza.key@adams.com","2024-01-04 20:04:00.840999"
5923,"Salvador","Gaillard","salvador.gaillard@yahoo.de","2024-01-04 20:04:00.840999"
1867,"Diane","Rogner","diane.rogner@kelly.co.uk","2024-01-04 20:04:00.840999"
4376,"Josette","Laine","josette.laine@saracino-parisi.net","2024-01-04 20:04:00.840999"
2785,"Courtney","Fiebig","courtney.fiebig@doerschner.com","2024-01-04 20:04:00.840999"
5884,"Hugues","Oliver","hugues.oliver@stiffel.com","2024-01-04 20:04:00.840999"
2441,"Espartaco","Willis","espartaco.willis@hotmail.com","2024-01-04 20:04:00.840999"
1243,"Flavia","Yoder","flavia.yoder@hotmail.de","2024-01-04 20:04:00.840999"
3411,"Casey","Flores","casey.flores@baggio.org","2024-01-04 20:04:00.840999"
2467,"Calogero","Cross","calogero.cross@mercantini.it","2024-01-04 20:04:00.840999"
1850,"Charles","Begum","charles.begum@laboratorios.info","2024-01-04 20:04:00.840999"
2604,"Adina","Pollard","adina.pollard@outlook.com","2024-01-04 20:04:00.840999"
1693,"Natasha","Lara","natasha.lara@outlook.com","2024-01-04 20:04:00.840999"
2969,"Benita","Pottier","benita.pottier@sfr.fr","2024-01-04 20:04:00.840999"
1544,"Elizabeth","Valdivia","elizabeth.valdivia@gmail.com","2024-01-04 20:04:00.840999"
4149,"Mattia","Huet","mattia.huet@aol.de","2024-01-04 20:04:00.840999"
3463,"Geza","Howard","geza.howard@voila.fr","2024-01-04 20:04:00.840999"
2939,"Lauren","Guillaume","lauren.guillaume@sorgatz.org","2024-01-04 20:04:00.840999"
2202,"Joanna","Baxter","joanna.baxter@bruce-wright.com","2024-01-04 20:04:00.840999"
1728,"Tracy","Metz","tracy.metz@bryant.info","2024-01-04 20:04:00.840999"
5362,"Birgit","Pena","birgit.pena@armellini.it","2024-01-04 20:04:00.840999"
4840,"Elvira","Papafava","elvira.papafava@ifrance.com","2024-01-04 20:04:00.840999"
2955,"Ernest","Delorme","ernest.delorme@dowerg.de","2024-01-04 20:04:00.840999"
5354,"Christy","Grossi","christy.grossi@alarcon-tafoya.com","2024-01-04 20:04:00.840999"
3847,"Hermelinda","Olmos","hermelinda.olmos@portillo.com","2024-01-04 20:04:00.840999"
3025,"Herbert","Fraser","herbert.fraser@holloway.org.au","2024-01-04 20:04:00.840999"
1615,"Giancarlo","Heydrich","giancarlo.heydrich@hotmail.com","2024-01-04 20:04:00.840999"
5154,"Constance","Maldonado","constance.maldonado@spiess.net","2024-01-04 20:04:00.840999"
5005,"Giampiero","Carlier","giampiero.carlier@hotmail.com","2024-01-04 20:04:00.840999"
1349,"Carlo","Jacquot","carlo.jacquot@hotmail.com","2024-01-04 20:04:00.840999"
3670,"Gabriel","Robles","gabriel.robles@yahoo.com","2024-01-04 20:04:00.840999"
2912,"Gerd","Gunpf","gerd.gunpf@gmail.com","2024-01-04 20:04:00.840999"
4336,"Ashley","Hellwig","ashley.hellwig@libero.it","2024-01-04 20:04:00.840999"
5576,"Patrick","Rosas","patrick.rosas@yahoo.com","2024-01-04 20:04:00.840999"
2736,"Lilla","Leonard","lilla.leonard@jungfer.com","2024-01-04 20:04:00.840999"
3321,"Tony","Nicolas","tony.nicolas@morrocco-seddio.net","2024-01-04 20:04:00.840999"
3353,"Allegra","Benedetti","allegra.benedetti@miller.com","2024-01-04 20:04:00.840999"
2336,"Camille","Tafuri","camille.tafuri@aol.de","2024-01-04 20:04:00.840999"
4369,"Juan","Wheeler","juan.wheeler@gilmore.net","2024-01-04 20:04:00.840999"
4464,"Leopoldo","Johnson","leopoldo.johnson@hotmail.com.au","2024-01-04 20:04:00.840999"
5626,"Dietmar","Grenier","dietmar.grenier@tele2.it","2024-01-04 20:04:00.840999"
1669,"Leonid","Scholl","leonid.scholl@collin.com","2024-01-04 20:04:00.840999"
5544,"Olivie","Contarini","olivie.contarini@marshall-wright.biz","2024-01-04 20:04:00.840999"
6078,"Jeffery","Lacroix","jeffery.lacroix@medina.org","2024-01-04 20:04:00.840999"
2580,"Edeltraud","Chavez","edeltraud.chavez@hotmail.com.au","2024-01-04 20:04:00.840999"
3592,"Mesut","Morvan","mesut.morvan@gmail.com","2024-01-04 20:04:00.840999"
4914,"Gregory","Jackson","gregory.jackson@ortiz.com","2024-01-04 20:04:00.840999"
3848,"Nicola","Rossi","nicola.rossi@berry.org","2024-01-04 20:04:00.840999"
2619,"Eddie","Collazo","eddie.collazo@gmail.com","2024-01-04 20:04:00.840999"
4605,"Philippe","Gardner","philippe.gardner@howells-jones.net","2024-01-04 20:04:00.840999"
6147,"Roy","Fox","roy.fox@tejeda.com","2024-01-04 20:04:00.840999"
1383,"Heiderose","Garcia","heiderose.garcia@noos.fr","2024-01-04 20:04:00.840999"
1757,"Claudine","Rowley","claudine.rowley@industrias.com","2024-01-04 20:04:00.840999"
4390,"Astrid","Roht","astrid.roht@fastwebnet.it","2024-01-04 20:04:00.840999"
4165,"Auguste","Burnett","auguste.burnett@yahoo.fr","2024-01-04 20:04:00.840999"
4529,"Pellegrino","Allen","pellegrino.allen@gmail.com","2024-01-04 20:04:00.840999"
6084,"Angela","Bowers","angela.bowers@laboratorios.com","2024-01-04 20:04:00.840999"
2916,"Michael","Descamps","michael.descamps@gmail.com","2024-01-04 20:04:00.840999"
2005,"Heidelore","Kennedy","heidelore.kennedy@guinizzelli.org","2024-01-04 20:04:00.840999"
2261,"Lucrezia","Koch","lucrezia.koch@petit.com","2024-01-04 20:04:00.840999"
5342,"Ivan","Accardo","ivan.accardo@web.de","2024-01-04 20:04:00.840999"
4087,"Karen","Avogadro","karen.avogadro@yahoo.com","2024-01-04 20:04:00.840999"
2761,"Laetitia","Gallet","laetitia.gallet@aubry.org","2024-01-04 20:04:00.840999"
2908,"Amico","Gosselin","amico.gosselin@shaw.info","2024-01-04 20:04:00.840999"
2155,"Ilaria","Bowen","ilaria.bowen@hotmail.it","2024-01-04 20:04:00.840999"
5642,"Marlen","Coardi","marlen.coardi@colletti.eu","2024-01-04 20:04:00.840999"
6217,"Rafael","Alexander","rafael.alexander@jenkins.com","2024-01-04 20:04:00.840999"
4222,"Herma","Gabbana","herma.gabbana@hotmail.com","2024-01-04 20:04:00.840999"
4798,"Zachary","Vespucci","zachary.vespucci@industrias.com","2024-01-04 20:04:00.840999"
5660,"Marisol","Richard","marisol.richard@gmail.com","2024-01-04 20:04:00.840999"
5000,"Joseph","Glover","joseph.glover@laposte.net","2024-01-04 20:04:00.840999"
2809,"Lauretta","Neal","lauretta.neal@hotmail.de","2024-01-04 20:04:00.840999"
3349,"Simone","Sauvage","simone.sauvage@yahoo.com","2024-01-04 20:04:00.840999"
3647,"Ramona","Brooks","ramona.brooks@kensy.de","2024-01-04 20:04:00.840999"
5745,"Gioele","Schwital","gioele.schwital@moody.com","2024-01-04 20:04:00.840999"
2583,"Elena","Jimenez","elena.jimenez@yahoo.com.au","2024-01-04 20:04:00.840999"
5441,"Pam","Vargas","pam.vargas@guillot.net","2024-01-04 20:04:00.840999"
2090,"Alison","Morales","alison.morales@lewis.com","2024-01-04 20:04:00.840999"
3386,"Marc","Aumann","marc.aumann@holland.com","2024-01-04 20:04:00.840999"
1816,"Carla","Butler","carla.butler@yahoo.com","2024-01-04 20:04:00.840999"
4718,"Dionigi","Bruce","dionigi.bruce@industrias.com","2024-01-04 20:04:00.840999"
1677,"Frank","Henry","frank.henry@yahoo.com","2024-01-04 20:04:00.840999"
4218,"Brent","Pons","brent.pons@proyectos.net","2024-01-04 20:04:00.840999"
4548,"Patricia","Liebelt","patricia.liebelt@baca.org","2024-01-04 20:04:00.840999"
1431,"Micheletto","Sykes","micheletto.sykes@thompson-thompson.com","2024-01-04 20:04:00.840999"
2830,"Rose","Blanc","rose.blanc@grupo.com","2024-01-04 20:04:00.840999"
4400,"Vincent","Singh","vincent.singh@gmail.com","2024-01-04 20:04:00.840999"
5773,"Jamie","Peacock","jamie.peacock@interiano-nordio.com","2024-01-04 20:04:00.840999"
4161,"Giorgia","Dijoux","giorgia.dijoux@paul.com","2024-01-04 20:04:00.840999"
2062,"Serena","Piacentini","serena.piacentini@yahoo.de","2024-01-04 20:04:00.840999"
3458,"Dimitri","Posada","dimitri.posada@gmail.com","2024-01-04 20:04:00.840999"
3174,"Alexa","Barillaro","alexa.barillaro@ramos.net","2024-01-04 20:04:00.840999"
5565,"Megan","Kuhl","megan.kuhl@despacho.com","2024-01-04 20:04:00.840999"
1906,"Kaitlyn","Farinelli","kaitlyn.farinelli@outlook.com","2024-01-04 20:04:00.840999"
5479,"Jonathan","Castellitto","jonathan.castellitto@libero.it","2024-01-04 20:04:00.840999"
4320,"Lisa","Terragni","lisa.terragni@proyectos.com","2024-01-04 20:04:00.840999"
4213,"Olivier","Petrucelli","olivier.petrucelli@letta-raurica.eu","2024-01-04 20:04:00.840999"
3373,"Jos","Trobbiani","jos.trobbiani@samson.com","2024-01-04 20:04:00.840999"
4184,"Mirjam","Dawson","mirjam.dawson@yahoo.com","2024-01-04 20:04:00.840999"
5472,"Javier","Tessier","javier.tessier@mclaughlin.biz","2024-01-04 20:04:00.840999"
5559,"Mirjana","Collins","mirjana.collins@hotmail.com","2024-01-04 20:04:00.840999"
5419,"Vanessa","Tschentscher","vanessa.tschentscher@mitchell.com","2024-01-04 20:04:00.840999"
4171,"Antonina","Cobb","antonina.cobb@gibson.org","2024-01-04 20:04:00.840999"
1302,"Bernard","Durand","bernard.durand@royer.com","2024-01-04 20:04:00.840999"
3520,"Corey","Greggio","corey.greggio@johnson.org.au","2024-01-04 20:04:00.840999"
6010,"Rodolfo","Couturier","rodolfo.couturier@tim.it","2024-01-04 20:04:00.840999"
4617,"Pierre","Cardenas","pierre.cardenas@luzi-bonomo.eu","2024-01-04 20:04:00.840999"
1417,"Romeo","Surian","romeo.surian@batista.com","2024-01-04 20:04:00.840999"
4770,"Ivo","Moreno","ivo.moreno@hotmail.com","2024-01-04 20:04:00.840999"
4328,"Federico","Marie","federico.marie@jourdan.fr","2024-01-04 20:04:00.840999"
5171,"Maggie","Boito","maggie.boito@yahoo.com","2024-01-04 20:04:00.840999"
4394,"Brianna","Hanson","brianna.hanson@stanley.com","2024-01-04 20:04:00.840999"
1794,"Heiko","Bourgeois","heiko.bourgeois@togliatti.com","2024-01-04 20:04:00.840999"
3510,"Benito","Gritti","benito.gritti@gmail.com","2024-01-04 20:04:00.840999"
2487,"Mitzy","Junk","mitzy.junk@zaragoza.com","2024-01-04 20:04:00.840999"
2215,"Samantha","Lowe","samantha.lowe@praga.it","2024-01-04 20:04:00.840999"
4136,"Ernesto","Nerger","ernesto.nerger@middleton.co.uk","2024-01-04 20:04:00.840999"
3723,"Melinda","Canova","melinda.canova@orange.fr","2024-01-04 20:04:00.840999"
5842,"Mohammad","Hartung","mohammad.hartung@hotmail.com","2024-01-04 20:04:00.840999"
3289,"Ben","Maillot","ben.maillot@ramos.net","2024-01-04 20:04:00.840999"
1249,"Isabel","Pruschke","isabel.pruschke@gmail.com","2024-01-04 20:04:00.840999"
5409,"Linda","Franceschi","linda.franceschi@richards.net","2024-01-04 20:04:00.840999"
2951,"Olivia","Striebitz","olivia.striebitz@gmail.com","2024-01-04 20:04:00.840999"
3432,"Penny","Watson","penny.watson@matthews.net","2024-01-04 20:04:00.840999"
2297,"Manfred","James","manfred.james@davies.org","2024-01-04 20:04:00.840999"
6161,"Hazel","Pierce","hazel.pierce@outlook.com","2024-01-04 20:04:00.840999"
4603,"Alf","Bates","alf.bates@dunn.com","2024-01-04 20:04:00.840999"
5818,"Scott","Gough","scott.gough@industrias.com","2024-01-04 20:04:00.840999"
4270,"Konrad","Briones","konrad.briones@fierro.com","2024-01-04 20:04:00.840999"
6007,"Mathilde","Kruschwitz","mathilde.kruschwitz@yahoo.com","2024-01-04 20:04:00.840999"
4084,"Irma","Gemito","irma.gemito@googlemail.com","2024-01-04 20:04:00.840999"
1340,"Antoine","Guyon","antoine.guyon@yahoo.com","2024-01-04 20:04:00.840999"
5675,"William","Gibilisco","william.gibilisco@gaillard.com","2024-01-04 20:04:00.840999"
2010,"Judith","Butte","judith.butte@fischer-vaughn.info","2024-01-04 20:04:00.840999"
6201,"Joanne","Henderson","joanne.henderson@gmail.com","2024-01-04 20:04:00.840999"
1791,"Ludovica","Arellano","ludovica.arellano@morandi-argento.com","2024-01-04 20:04:00.840999"
3314,"Catherine","Gray","catherine.gray@hotmail.com","2024-01-04 20:04:00.840999"
5852,"Franco","Fioravanti","franco.fioravanti@barry-gill.com.au","2024-01-04 20:04:00.840999"
4618,"Heather","Zimmer","heather.zimmer@bluemel.de","2024-01-04 20:04:00.840999"
2618,"Hortense","Taylor","hortense.taylor@chambers.biz","2024-01-04 20:04:00.840999"
4967,"Livia","Ernst","livia.ernst@colas.fr","2024-01-04 20:04:00.840999"
4594,"Toby","Etzler","toby.etzler@industrias.com","2024-01-04 20:04:00.840999"
2080,"Ennio","Leoncavallo","ennio.leoncavallo@sanchez.org","2024-01-04 20:04:00.840999"
2793,"Philippine","Vaca","philippine.vaca@hotmail.com","2024-01-04 20:04:00.840999"
4890,"Rhonda","Phillips","rhonda.phillips@yahoo.com","2024-01-04 20:04:00.840999"
3528,"Alphonse","Nitto","alphonse.nitto@voila.fr","2024-01-04 20:04:00.840999"
5810,"Karina","Arreola","karina.arreola@yahoo.com.au","2024-01-04 20:04:00.840999"
5720,"Denise","Wood","denise.wood@mantegna.com","2024-01-04 20:04:00.840999"
4593,"Burghard","Rosenow","burghard.rosenow@hotmail.com","2024-01-04 20:04:00.840999"
3186,"Friedl","Powell","friedl.powell@laposte.net","2024-01-04 20:04:00.840999"
5136,"Benjamin","Schultz","benjamin.schultz@rivero-davila.com","2024-01-04 20:04:00.840999"
2646,"Rachel","Ulibarri","rachel.ulibarri@schueler.com","2024-01-04 20:04:00.840999"
3460,"Silvano","Blanchet","silvano.blanchet@yahoo.com","2024-01-04 20:04:00.840999"
4345,"Kurt","Sauer","kurt.sauer@almanza.biz","2024-01-04 20:04:00.840999"
2690,"Nayeli","Gehringer","nayeli.gehringer@hotmail.com","2024-01-04 20:04:00.840999"
4025,"Imelda","Guerin","imelda.guerin@stumpf.net","2024-01-04 20:04:00.840999"
4524,"Zbigniew","Holmes","zbigniew.holmes@stiffel.net","2024-01-04 20:04:00.840999"
3978,"Adela","Alfonsi","adela.alfonsi@despacho.com","2024-01-04 20:04:00.840999"
3910,"Hilary","Clark","hilary.clark@libero.it","2024-01-04 20:04:00.840999"
5825,"Kornelius","Molina","kornelius.molina@heuser.com","2024-01-04 20:04:00.840999"
3564,"Christian","Anderson","christian.anderson@tim.it","2024-01-04 20:04:00.840999"
2396,"Francisco","Dorsey","francisco.dorsey@tiscali.fr","2024-01-04 20:04:00.840999"
2140,"Walli","Albert","walli.albert@dussen.com","2024-01-04 20:04:00.840999"
3079,"Siegrun","Mota","siegrun.mota@matthews-montoya.org.au","2024-01-04 20:04:00.840999"
2017,"Alberico","Herve","alberico.herve@beer.net","2024-01-04 20:04:00.840999"
5444,"Serafina","Bonnin","serafina.bonnin@mendes.com","2024-01-04 20:04:00.840999"
2216,"Marcelle","Bender","marcelle.bender@edwards-robinson.info","2024-01-04 20:04:00.840999"
1241,"Hartmuth","Robertson","hartmuth.robertson@thomas.edu.au","2024-01-04 20:04:00.840999"
1484,"Herlinde","George","herlinde.george@free.fr","2024-01-04 20:04:00.840999"
3475,"Pamela","Payne","pamela.payne@yahoo.com","2024-01-04 20:04:00.840999"
4333,"Gastone","Beyer","gastone.beyer@stewart-sanchez.edu","2024-01-04 20:04:00.840999"
5657,"Lydia","Berengario","lydia.berengario@aol.de","2024-01-04 20:04:00.840999"
2527,"Lucy","Davidson","lucy.davidson@tele2.it","2024-01-04 20:04:00.840999"
5967,"Franck","Wade","franck.wade@gute.org","2024-01-04 20:04:00.840999"
5698,"Heidi","Barker","heidi.barker@gmail.com","2024-01-04 20:04:00.840999"
3331,"Arnaldo","Ocasio","arnaldo.ocasio@hotmail.com","2024-01-04 20:04:00.840999"
3841,"Francis","Bernier","francis.bernier@rodriguez.com","2024-01-04 20:04:00.840999"
6105,"Johanne","Strong","johanne.strong@yahoo.de","2024-01-04 20:04:00.840999"
3895,"Debra","Langlois","debra.langlois@schmiedecke.com","2024-01-04 20:04:00.840999"
1891,"Reingard","Kambs","reingard.kambs@sagese.eu","2024-01-04 20:04:00.840999"
1281,"Mauro","Ortiz","mauro.ortiz@oquendo.net","2024-01-04 20:04:00.840999"
4186,"Griselda","Carranza","griselda.carranza@krause.de","2024-01-04 20:04:00.840999"
2511,"Janet","Madrigal","janet.madrigal@gmail.com","2024-01-04 20:04:00.840999"
4272,"Jenna","Day","jenna.day@reed.com","2024-01-04 20:04:00.840999"
3533,"Modesto","Wright","modesto.wright@pareto.com","2024-01-04 20:04:00.840999"
3618,"Alice","Wall","alice.wall@zaccardo.it","2024-01-04 20:04:00.840999"
2177,"Brenda","Sontag","brenda.sontag@solari.com","2024-01-04 20:04:00.840999"
4102,"Sergius","Mace","sergius.mace@palazzo.com","2024-01-04 20:04:00.840999"
6089,"Antonia","Kline","antonia.kline@gmail.com","2024-01-04 20:04:00.840999"
4701,"Maurice","Gumprich","maurice.gumprich@griffin.net.au","2024-01-04 20:04:00.840999"
5645,"Daniel","Anders","daniel.anders@yahoo.com","2024-01-04 20:04:00.840999"
4499,"Zaira","Cattaneo","zaira.cattaneo@yahoo.com","2024-01-04 20:04:00.840999"
3365,"Alessio","Bruneau","alessio.bruneau@hotmail.co.uk","2024-01-04 20:04:00.840999"
2290,"Gerdi","Guerrero","gerdi.guerrero@tele2.fr","2024-01-04 20:04:00.840999"
1890,"Brigitte","Stiebitz","brigitte.stiebitz@gmail.com","2024-01-04 20:04:00.840999"
1304,"June","Sinisi","june.sinisi@manzoni-giannini.it","2024-01-04 20:04:00.840999"
3799,"Carl","Macias","carl.macias@yahoo.com","2024-01-04 20:04:00.840999"
2749,"Veronica","Trapp","veronica.trapp@tiscali.it","2024-01-04 20:04:00.840999"
2028,"Frances","Garnier","frances.garnier@aporti-guidotti.org","2024-01-04 20:04:00.840999"
2383,"Terri","Iannelli","terri.iannelli@hotmail.com","2024-01-04 20:04:00.840999"
5721,"Odette","Moore","odette.moore@hall.edu","2024-01-04 20:04:00.840999"
1394,"Mercedes","Trujillo","mercedes.trujillo@aol.de","2024-01-04 20:04:00.840999"
3451,"Babette","Dumas","babette.dumas@brady.net","2024-01-04 20:04:00.840999"
5512,"Jerry","Santiago","jerry.santiago@soprano-ferragni.it","2024-01-04 20:04:00.840999"
2453,"Ronald","Simpson","ronald.simpson@ovadia.net","2024-01-04 20:04:00.840999"
6055,"Emmanuel","Dominguez","emmanuel.dominguez@gmail.com","2024-01-04 20:04:00.840999"
5704,"Christiane","Ricciardi","christiane.ricciardi@zavala.com","2024-01-04 20:04:00.840999"
3707,"Ingolf","Zamora","ingolf.zamora@yahoo.com.au","2024-01-04 20:04:00.840999"
2205,"Rita","Sharp","rita.sharp@beard-scott.edu.au","2024-01-04 20:04:00.840999"
5976,"Geraldine","Cabrera","geraldine.cabrera@green-smith.info","2024-01-04 20:04:00.840999"
3290,"Chantal","Armas","chantal.armas@jenkins.net","2024-01-04 20:04:00.840999"
4257,"Louis","Gilbert","louis.gilbert@gmail.com","2024-01-04 20:04:00.840999"
4588,"Michelle","Collier","michelle.collier@peruzzi.it","2024-01-04 20:04:00.840999"
4785,"Guillermina","Nicholson","guillermina.nicholson@grondin.fr","2024-01-04 20:04:00.840999"
3033,"Bertrand","Hopkins","bertrand.hopkins@gmail.com","2024-01-04 20:04:00.840999"
2779,"Alonso","Palomo","alonso.palomo@gehringer.de","2024-01-04 20:04:00.840999"
2131,"Tina","Rodriguez","tina.rodriguez@web.de","2024-01-04 20:04:00.840999"
6229,"Eva","Francis","eva.francis@parker.org","2024-01-04 20:04:00.840999"
3429,"Ottavio","Rust","ottavio.rust@crespi.com","2024-01-04 20:04:00.840999"
1613,"Amelia","Olvera","amelia.olvera@hotmail.com","2024-01-04 20:04:00.840999"
4734,"Paul","Palladio","paul.palladio@mclaughlin.net.au","2024-01-04 20:04:00.840999"
4439,"Bernardo","Wieloch","bernardo.wieloch@budig.com","2024-01-04 20:04:00.840999"
1441,"Umberto","Hicks","umberto.hicks@hill.com","2024-01-04 20:04:00.840999"
5799,"Janko","Bishop","janko.bishop@tim.it","2024-01-04 20:04:00.840999"
1419,"Jessika","Meunier","jessika.meunier@gmx.de","2024-01-04 20:04:00.840999"
3059,"Isaac","Benard","isaac.benard@googlemail.com","2024-01-04 20:04:00.840999"
3224,"Alexandrie","Lambert","alexandrie.lambert@yahoo.com","2024-01-04 20:04:00.840999"
3181,"Roberto","Guyot","roberto.guyot@bennett.com","2024-01-04 20:04:00.840999"
6061,"Giulietta","Lucas","giulietta.lucas@club.com","2024-01-04 20:04:00.840999"
4466,"Damaris","Pininfarina","damaris.pininfarina@gmail.com","2024-01-04 20:04:00.840999"
6081,"Fabrizia","Renard","fabrizia.renard@higgins-marks.com","2024-01-04 20:04:00.840999"
2159,"Camillo","Dehmel","camillo.dehmel@brown-campbell.com","2024-01-04 20:04:00.840999"
3324,"Ruggero","Parpinel","ruggero.parpinel@gmail.com","2024-01-04 20:04:00.840999"
3176,"Stephen","Pratesi","stephen.pratesi@hotmail.com","2024-01-04 20:04:00.840999"
5874,"Ludger","Naccari","ludger.naccari@ingram.biz","2024-01-04 20:04:00.840999"
5110,"Meryem","Tapia","meryem.tapia@yahoo.com","2024-01-04 20:04:00.840999"
5490,"Jasmine","Juvara","jasmine.juvara@yahoo.com.au","2024-01-04 20:04:00.840999"
1922,"Victoire","Travaglia","victoire.travaglia@zacchia.com","2024-01-04 20:04:00.840999"
4398,"Adrian","Noel","adrian.noel@perrin.com","2024-01-04 20:04:00.840999"
4754,"Marvin","Howe","marvin.howe@gmail.com","2024-01-04 20:04:00.840999"
3309,"Hanne","Kidd","hanne.kidd@yahoo.com","2024-01-04 20:04:00.840999"
1244,"Donatello","Millet","donatello.millet@fritsch.net","2024-01-04 20:04:00.840999"
2892,"Eloisa","Pascarella","eloisa.pascarella@gmail.com","2024-01-04 20:04:00.840999"
2777,"Erica","Zambrano","erica.zambrano@gmail.com","2024-01-04 20:04:00.840999"
4952,"Paula","Canales","paula.canales@gilmore-guerrero.com","2024-01-04 20:04:00.840999"
5144,"Claudia","Bernard","claudia.bernard@mazzanti.it","2024-01-04 20:04:00.840999"
5487,"Paulina","Miller","paulina.miller@lewis-barker.com","2024-01-04 20:04:00.840999"
1932,"Kathrin","Godfrey","kathrin.godfrey@tele2.fr","2024-01-04 20:04:00.840999"
3364,"Pina","Passalacqua","pina.passalacqua@yahoo.co.uk","2024-01-04 20:04:00.840999"
5165,"Julien","Miles","julien.miles@stevens-rose.com","2024-01-04 20:04:00.840999"
3858,"Suzanne","Benigni","suzanne.benigni@mennea-morlacchi.com","2024-01-04 20:04:00.840999"
4666,"Annalisa","Pugh","annalisa.pugh@hotmail.fr","2024-01-04 20:04:00.840999"
2896,"Mathew","Maestas","mathew.maestas@casas-garrido.com","2024-01-04 20:04:00.840999"
4520,"Laszlo","Vallee","laszlo.vallee@verdier.com","2024-01-04 20:04:00.840999"
5726,"Helen","Polanco","helen.polanco@hotmail.com","2024-01-04 20:04:00.840999"
5661,"Mateo","Sorrentino","mateo.sorrentino@calderon.com","2024-01-04 20:04:00.840999"
4765,"Eric","Barnes","eric.barnes@barrett-winter.com","2024-01-04 20:04:00.840999"
3710,"Dragica","West","dragica.west@yahoo.com.au","2024-01-04 20:04:00.840999"
4925,"Antje","Voisin","antje.voisin@gmail.com","2024-01-04 20:04:00.840999"
1533,"Stanley","Mills","stanley.mills@parker-lee.biz","2024-01-04 20:04:00.840999"
5264,"Brandy","Meraz","brandy.meraz@yahoo.com","2024-01-04 20:04:00.840999"
4606,"Conor","Reinhardt","conor.reinhardt@yahoo.com.au","2024-01-04 20:04:00.840999"
2043,"Gabino","Blot","gabino.blot@lewis-russell.org","2024-01-04 20:04:00.840999"
3871,"Alvaro","Lemus","alvaro.lemus@yahoo.com","2024-01-04 20:04:00.840999"
6205,"Patrizia","Wilms","patrizia.wilms@dbmail.com","2024-01-04 20:04:00.840999"
3193,"Metin","Coulon","metin.coulon@ashley.com","2024-01-04 20:04:00.840999"
1810,"Reece","Valencia","reece.valencia@laboy-palomo.com","2024-01-04 20:04:00.840999"
4797,"Troy","Schmiedecke","troy.schmiedecke@picard.com","2024-01-04 20:04:00.840999"
1487,"Wendy","Bustos","wendy.bustos@libero.it","2024-01-04 20:04:00.840999"
3474,"Guglielmo","Caldwell","guglielmo.caldwell@loeffler.com","2024-01-04 20:04:00.840999"
5771,"Travis","Cowan","travis.cowan@turner.info","2024-01-04 20:04:00.840999"
6074,"Brandi","Abbagnale","brandi.abbagnale@tele2.fr","2024-01-04 20:04:00.840999"
1568,"Hanno","Gollum","hanno.gollum@smith.com","2024-01-04 20:04:00.840999"
4263,"Jutta","Burke","jutta.burke@elliott.com","2024-01-04 20:04:00.840999"
5850,"Dorothe","Paz","dorothe.paz@fiebig.de","2024-01-04 20:04:00.840999"
5619,"Desiree","Huerta","desiree.huerta@morris.com","2024-01-04 20:04:00.840999"
1904,"Ilse","Bray","ilse.bray@venturi.it","2024-01-04 20:04:00.840999"
5388,"Pierpaolo","Scaduto","pierpaolo.scaduto@sanders-gibson.com.au","2024-01-04 20:04:00.840999"
2150,"Amedeo","Bradford","amedeo.bradford@yahoo.com","2024-01-04 20:04:00.840999"
2653,"Julia","Ali","julia.ali@yahoo.com","2024-01-04 20:04:00.840999"
2687,"Catalina","Pizzetti","catalina.pizzetti@tim.it","2024-01-04 20:04:00.840999"
3779,"Dylan","Porzio","dylan.porzio@yahoo.de","2024-01-04 20:04:00.840999"
1494,"Iris","Trincavelli","iris.trincavelli@tiscali.fr","2024-01-04 20:04:00.840999"
4129,"Johnathan","Guidotti","johnathan.guidotti@cox-sanchez.net","2024-01-04 20:04:00.840999"
3035,"Walburga","Vollbrecht","walburga.vollbrecht@aol.de","2024-01-04 20:04:00.840999"
2069,"Kendra","David","kendra.david@allan-morton.com","2024-01-04 20:04:00.840999"
5469,"Aleksandr","Weiss","aleksandr.weiss@blanc.org","2024-01-04 20:04:00.840999"
3903,"Cornelio","Guardado","cornelio.guardado@gmail.com","2024-01-04 20:04:00.840999"
4083,"Ferdi","Blackburn","ferdi.blackburn@christensen.net","2024-01-04 20:04:00.840999"
4003,"Bill","Gallagher","bill.gallagher@green.com","2024-01-04 20:04:00.840999"
3565,"Leonard","Harvey","leonard.harvey@hotmail.com","2024-01-04 20:04:00.840999"
1640,"Milan","Montenegro","milan.montenegro@langern.com","2024-01-04 20:04:00.840999"
4769,"Philip","Perez","philip.perez@hotmail.co.uk","2024-01-04 20:04:00.840999"
3398,"Kathryn","Hentschel","kathryn.hentschel@shaw.com","2024-01-04 20:04:00.840999"
1865,"Xavier","Samson","xavier.samson@baggio.it","2024-01-04 20:04:00.840999"
5690,"Hartwig","Roberts","hartwig.roberts@saraceno.net","2024-01-04 20:04:00.840999"
3814,"Kimberly","Chan","kimberly.chan@gmail.com","2024-01-04 20:04:00.840999"
2942,"Lorraine","Crawford","lorraine.crawford@gmail.com","2024-01-04 20:04:00.840999"
5095,"Maximiliano","Knowles","maximiliano.knowles@gmail.com","2024-01-04 20:04:00.840999"
2878,"Gabriella","Avila","gabriella.avila@gmail.com","2024-01-04 20:04:00.840999"
3697,"Rico","Mortati","rico.mortati@faivre.fr","2024-01-04 20:04:00.840999"
4744,"Gail","Petrocelli","gail.petrocelli@yahoo.com","2024-01-04 20:04:00.840999"
2104,"Liberto","Niemeier","liberto.niemeier@germano-dibiasi.it","2024-01-04 20:04:00.840999"
4883,"Luciana","Petitjean","luciana.petitjean@patterson-cole.biz","2024-01-04 20:04:00.840999"
4807,"Ron","Cavazos","ron.cavazos@yahoo.com","2024-01-04 20:04:00.840999"
1372,"Aldo","Cibin","aldo.cibin@gmx.de","2024-01-04 20:04:00.840999"
3666,"Alexandre","Serrano","alexandre.serrano@yahoo.co.uk","2024-01-04 20:04:00.840999"
2066,"Lori","Fagotto","lori.fagotto@hill-anderson.com","2024-01-04 20:04:00.840999"
1834,"Perla","Figueroa","perla.figueroa@live.com","2024-01-04 20:04:00.840999"
5853,"Reginald","Hughes","reginald.hughes@gmail.com","2024-01-04 20:04:00.840999"
2219,"Uriel","Holt","uriel.holt@gmail.com","2024-01-04 20:04:00.840999"
4148,"Stefano","Lemonnier","stefano.lemonnier@binner.com","2024-01-04 20:04:00.840999"
4477,"Madeleine","Cooper","madeleine.cooper@poste.it","2024-01-04 20:04:00.840999"
1786,"Alban","Barbier","alban.barbier@ortiz.org","2024-01-04 20:04:00.840999"
3455,"Alfonso","Finetti","alfonso.finetti@quiroz.com","2024-01-04 20:04:00.840999"
5707,"Ryan","Kim","ryan.kim@noos.fr","2024-01-04 20:04:00.840999"
5470,"Augustin","Wohlgemut","augustin.wohlgemut@watson.info","2024-01-04 20:04:00.840999"
3274,"Rolando","Bibi","rolando.bibi@tin.it","2024-01-04 20:04:00.840999"
4613,"Berthold","Randall","berthold.randall@mcdonald.com","2024-01-04 20:04:00.840999"
4465,"Genaro","Briand","genaro.briand@sfr.fr","2024-01-04 20:04:00.840999"
1652,"Rudolf","Jenkins","rudolf.jenkins@hotmail.com","2024-01-04 20:04:00.840999"
2100,"Pauline","Ackermann","pauline.ackermann@arredondo-roque.com","2024-01-04 20:04:00.840999"
4321,"Folker","Swanson","folker.swanson@rodrigues.fr","2024-01-04 20:04:00.840999"
4168,"Ashleigh","Montez","ashleigh.montez@perry-schneider.com","2024-01-04 20:04:00.840999"
3733,"Liliana","Barber","liliana.barber@libero.it","2024-01-04 20:04:00.840999"
2594,"Caridad","Carr","caridad.carr@huhn.com","2024-01-04 20:04:00.840999"
3909,"Lolita","Borrego","lolita.borrego@gmail.com","2024-01-04 20:04:00.840999"
5179,"Gunar","Patrick","gunar.patrick@leroy.com","2024-01-04 20:04:00.840999"
2228,"Leokadia","Verdier","leokadia.verdier@hotmail.com.au","2024-01-04 20:04:00.840999"
6222,"Hanna","Reid","hanna.reid@salas.org","2024-01-04 20:04:00.840999"
2354,"Edelgard","Kreusel","edelgard.kreusel@hotmail.com","2024-01-04 20:04:00.840999"
1725,"Svenja","Perrin","svenja.perrin@berger.com","2024-01-04 20:04:00.840999"
2960,"Pierluigi","Taccola","pierluigi.taccola@gmx.de","2024-01-04 20:04:00.840999"
2077,"Cilli","Watts","cilli.watts@yahoo.com","2024-01-04 20:04:00.840999"
5662,"Emiliano","Wells","emiliano.wells@gmx.de","2024-01-04 20:04:00.840999"
3481,"April","Davids","april.davids@fisher.info","2024-01-04 20:04:00.840999"
2565,"Dolores","Didier","dolores.didier@yahoo.com.au","2024-01-04 20:04:00.840999"
4436,"Sylvia","Bonomo","sylvia.bonomo@poulain.com","2024-01-04 20:04:00.840999"
5072,"Nelly","Marsh","nelly.marsh@hotmail.it","2024-01-04 20:04:00.840999"
5200,"Beth","Miniati","beth.miniati@hudson.net","2024-01-04 20:04:00.840999"
4502,"Renee","Merino","renee.merino@gmail.com","2024-01-04 20:04:00.840999"
4945,"Hailey","Russell","hailey.russell@jourdan.org","2024-01-04 20:04:00.840999"
3012,"Raphaela","Gotthard","raphaela.gotthard@outlook.com","2024-01-04 20:04:00.840999"
6094,"Pomponio","Comencini","pomponio.comencini@hotmail.co.uk","2024-01-04 20:04:00.840999"
3815,"Leone","Richardson","leone.richardson@yahoo.com","2024-01-04 20:04:00.840999"
4838,"Valentine","Acosta","valentine.acosta@peters.net","2024-01-04 20:04:00.840999"
3469,"Ricciotti","Laureano","ricciotti.laureano@parsons.com","2024-01-04 20:04:00.840999"
4874,"Jacques","Heidrich","jacques.heidrich@zamudio-chapa.com","2024-01-04 20:04:00.840999"
1792,"Anne","Snow","anne.snow@gmail.com","2024-01-04 20:04:00.840999"
4356,"Sonia","Volta","sonia.volta@gmx.de","2024-01-04 20:04:00.840999"
6196,"Dale","Leblanc","dale.leblanc@stewart.com","2024-01-04 20:04:00.840999"
3578,"Alejandro","Cruz","alejandro.cruz@hotmail.com","2024-01-04 20:04:00.840999"
4491,"Elsa","Cugia","elsa.cugia@yahoo.com","2024-01-04 20:04:00.840999"
3054,"Geronimo","Pechel","geronimo.pechel@hotmail.com","2024-01-04 20:04:00.840999"
1968,"Melania","Klemm","melania.klemm@seidel.com","2024-01-04 20:04:00.840999"
5869,"Katherine","Cooley","katherine.cooley@yahoo.com","2024-01-04 20:04:00.840999"
5858,"Guillermo","Larsen","guillermo.larsen@yahoo.com","2024-01-04 20:04:00.840999"
5203,"Jill","Barrios","jill.barrios@gmail.com","2024-01-04 20:04:00.840999"
2577,"Austin","Musatti","austin.musatti@tin.it","2024-01-04 20:04:00.840999"
3216,"Jacinto","Rose","jacinto.rose@yahoo.com","2024-01-04 20:04:00.840999"
2037,"Lucie","Redi","lucie.redi@googlemail.com","2024-01-04 20:04:00.840999"
3867,"Tania","Chapman","tania.chapman@remy.com","2024-01-04 20:04:00.840999"
5109,"Alexandria","Best","alexandria.best@yahoo.co.uk","2024-01-04 20:04:00.840999"
1376,"Edward","Scott","edward.scott@yahoo.com","2024-01-04 20:04:00.840999"
5260,"Jake","Wiley","jake.wiley@outlook.com","2024-01-04 20:04:00.840999"
2350,"Claudio","Reuter","claudio.reuter@morgan-collins.org.au","2024-01-04 20:04:00.840999"
2269,"Laure","Traetta","laure.traetta@kay-perkins.co.uk","2024-01-04 20:04:00.840999"
3650,"Magarete","Valentin","magarete.valentin@yahoo.com","2024-01-04 20:04:00.840999"
3934,"Paige","Hill","paige.hill@jones.org.au","2024-01-04 20:04:00.840999"
4048,"Fulvio","Curiel","fulvio.curiel@reynolds.com","2024-01-04 20:04:00.840999"
4266,"Thibaut","Camarillo","thibaut.camarillo@hotmail.com","2024-01-04 20:04:00.840999"
3863,"Romana","Blanchard","romana.blanchard@googlemail.com","2024-01-04 20:04:00.840999"
4922,"Thibault","Savorgnan","thibault.savorgnan@butler.biz","2024-01-04 20:04:00.840999"
4517,"Alexander","Pausini","alexander.pausini@gonzalez.info","2024-01-04 20:04:00.840999"
3259,"Pierangelo","Scholtz","pierangelo.scholtz@lefevre.com","2024-01-04 20:04:00.840999"
3123,"Emmanuelle","Keller","emmanuelle.keller@morton-clarke.com","2024-01-04 20:04:00.840999"
3870,"Isabella","Deleon","isabella.deleon@web.de","2024-01-04 20:04:00.840999"
2996,"Timothy","Weitzel","timothy.weitzel@gmail.com","2024-01-04 20:04:00.840999"
2993,"Alfredo","Ingram","alfredo.ingram@hotmail.com","2024-01-04 20:04:00.840999"
4556,"Francesca","Kade","francesca.kade@luna-rael.org","2024-01-04 20:04:00.840999"
2326,"Tonia","Coleman","tonia.coleman@hotmail.com","2024-01-04 20:04:00.840999"
4109,"Gottfried","Barbe","gottfried.barbe@hotmail.com","2024-01-04 20:04:00.840999"
5739,"Jeffrey","Trommler","jeffrey.trommler@yahoo.com","2024-01-04 20:04:00.840999"
5887,"Giacobbe","Owens","giacobbe.owens@huet.fr","2024-01-04 20:04:00.840999"
1651,"Conchita","Pagliaro","conchita.pagliaro@googlemail.com","2024-01-04 20:04:00.840999"
1628,"Kevin","Delahaye","kevin.delahaye@ellis-wilson.com","2024-01-04 20:04:00.840999"
2642,"Rouven","Ovadia","rouven.ovadia@gmail.com","2024-01-04 20:04:00.840999"
6020,"Piermaria","Laporte","piermaria.laporte@wesack.com","2024-01-04 20:04:00.840999"
4747,"Karolin","Johann","karolin.johann@hotmail.com","2024-01-04 20:04:00.840999"
5534,"Steven","Folliero","steven.folliero@noos.fr","2024-01-04 20:04:00.840999"
4790,"Livio","Rosselli","livio.rosselli@green.co.uk","2024-01-04 20:04:00.840999"
4632,"Gaetano","Leonardi","gaetano.leonardi@despacho.com","2024-01-04 20:04:00.840999"
1952,"Cynthia","Robinson","cynthia.robinson@gilles.net","2024-01-04 20:04:00.840999"
4388,"Eleni","Aponte","eleni.aponte@club-internet.fr","2024-01-04 20:04:00.840999"
5529,"Noelia","Romo","noelia.romo@yahoo.com","2024-01-04 20:04:00.840999"
1316,"Evelyn","Haynes","evelyn.haynes@clark.info","2024-01-04 20:04:00.840999"
1670,"Katharine","Zaccagnini","katharine.zaccagnini@hotmail.com","2024-01-04 20:04:00.840999"
4909,"Lea","Merle","lea.merle@stey.de","2024-01-04 20:04:00.840999"
3401,"Marta","Huynh","marta.huynh@hernandez.info","2024-01-04 20:04:00.840999"
4619,"Amador","Riley","amador.riley@hotmail.com","2024-01-04 20:04:00.840999"
4722,"Julie","Coles","julie.coles@hotmail.fr","2024-01-04 20:04:00.840999"
2188,"Beverley","Telesio","beverley.telesio@regnier.fr","2024-01-04 20:04:00.840999"
5497,"Corinne","Mitschke","corinne.mitschke@hauffer.net","2024-01-04 20:04:00.840999"
5711,"Valerie","Ortega","valerie.ortega@tele2.it","2024-01-04 20:04:00.840999"
4076,"Carlos","Delle","carlos.delle@hicks.com","2024-01-04 20:04:00.840999"
1847,"Christina","Besnard","christina.besnard@delorme.com","2024-01-04 20:04:00.840999"
2816,"Rosario","Jacques","rosario.jacques@yahoo.com","2024-01-04 20:04:00.840999"
5019,"Celal","Fischer","celal.fischer@aol.de","2024-01-04 20:04:00.840999"
4869,"Leonardo","Guzman","leonardo.guzman@andreozzi-abba.com","2024-01-04 20:04:00.840999"
3613,"Clinton","Mason","clinton.mason@yahoo.com","2024-01-04 20:04:00.840999"
3069,"Loretta","Mallet","loretta.mallet@sansoni-toscani.it","2024-01-04 20:04:00.840999"
2601,"Lorenzo","Roero","lorenzo.roero@hotmail.co.uk","2024-01-04 20:04:00.840999"
2133,"Lando","Gutierrez","lando.gutierrez@heser.com","2024-01-04 20:04:00.840999"
3164,"Elaine","Patterson","elaine.patterson@rose-morris.org","2024-01-04 20:04:00.840999"
3897,"Marcella","Govoni","marcella.govoni@barkholz.net","2024-01-04 20:04:00.840999"
5663,"Ettore","Amaldi","ettore.amaldi@germain.com","2024-01-04 20:04:00.840999"
3879,"Rufino","Gallegos","rufino.gallegos@webster-newton.co.uk","2024-01-04 20:04:00.840999"
5900,"Georges","Richards","georges.richards@macdonald.com","2024-01-04 20:04:00.840999"
2272,"Janice","Infantino","janice.infantino@hotmail.com","2024-01-04 20:04:00.840999"
5436,"Svetlana","Montanariello","svetlana.montanariello@putz.de","2024-01-04 20:04:00.840999"
3676,"Agnolo","Cedillo","agnolo.cedillo@laboratorios.biz","2024-01-04 20:04:00.840999"
4676,"Hannah","Jockel","hannah.jockel@ceravolo-tonisto.eu","2024-01-04 20:04:00.840999"
1563,"Yvonne","Stout","yvonne.stout@sims.edu","2024-01-04 20:04:00.840999"
4349,"Anouk","Pace","anouk.pace@gmail.com","2024-01-04 20:04:00.840999"
1658,"Esteban","Valdez","esteban.valdez@hotmail.com","2024-01-04 20:04:00.840999"
2552,"Angelina","Davies","angelina.davies@hotmail.com","2024-01-04 20:04:00.840999"
4847,"Anastasie","Cadena","anastasie.cadena@live.com","2024-01-04 20:04:00.840999"
1553,"Hansjoachim","Lettiere","hansjoachim.lettiere@hall-mcdaniel.net","2024-01-04 20:04:00.840999"
2632,"Yeni","Tejada","yeni.tejada@olson.edu.au","2024-01-04 20:04:00.840999"
1908,"Dulce","Adinolfi","dulce.adinolfi@hotmail.com","2024-01-04 20:04:00.840999"
5801,"Sean","Mielcarek","sean.mielcarek@gmail.com","2024-01-04 20:04:00.840999"
1935,"Omar","Fonseca","omar.fonseca@grupo.org","2024-01-04 20:04:00.840999"
2609,"Henry","Gucci","henry.gucci@leleu.fr","2024-01-04 20:04:00.840999"
2740,"Samira","Bottaro","samira.bottaro@vasseur.fr","2024-01-04 20:04:00.840999"
1907,"Korinna","Arnold","korinna.arnold@zapata-saenz.biz","2024-01-04 20:04:00.840999"
1831,"Marcela","Ferrante","marcela.ferrante@gmx.de","2024-01-04 20:04:00.840999"
5177,"Douglas","Amaya","douglas.amaya@favata-brenna.net","2024-01-04 20:04:00.840999"
6179,"Katherina","Barrientos","katherina.barrientos@trobbiani.eu","2024-01-04 20:04:00.840999"
2917,"Brittany","Tran","brittany.tran@tele2.it","2024-01-04 20:04:00.840999"
1486,"Caroline","Reeves","caroline.reeves@yahoo.com","2024-01-04 20:04:00.840999"
3735,"Joe","Michaud","joe.michaud@yahoo.fr","2024-01-04 20:04:00.840999"
3838,"Marco","Vittadello","marco.vittadello@gmail.com","2024-01-04 20:04:00.840999"
2430,"Kim","Webb","kim.webb@yahoo.com.au","2024-01-04 20:04:00.840999"
2480,"Eugenia","Zichichi","eugenia.zichichi@yahoo.com","2024-01-04 20:04:00.840999"
3431,"Aurore","Rosemann","aurore.rosemann@leoncavallo-rusticucci.com","2024-01-04 20:04:00.840999"
1742,"Giustino","Luzi","giustino.luzi@rolland.fr","2024-01-04 20:04:00.840999"
4628,"Anita","Galindo","anita.galindo@gmail.com","2024-01-04 20:04:00.840999"
2385,"Gunhild","Carrillo","gunhild.carrillo@elliott-gilbert.org","2024-01-04 20:04:00.840999"
2213,"Rosa","Paul","rosa.paul@bien.com","2024-01-04 20:04:00.840999"
5188,"Marliese","Oneal","marliese.oneal@gmail.com","2024-01-04 20:04:00.840999"
3418,"Bethany","Hartmann","bethany.hartmann@yahoo.com","2024-01-04 20:04:00.840999"
5637,"Irina","Martineau","irina.martineau@gmail.com","2024-01-04 20:04:00.840999"
3530,"Beatriz","Moulin","beatriz.moulin@pinto.com","2024-01-04 20:04:00.840999"
3731,"Lucas","Austin","lucas.austin@gmail.com","2024-01-04 20:04:00.840999"
3219,"Carole","Nohlmans","carole.nohlmans@yahoo.com","2024-01-04 20:04:00.840999"
2392,"Bozena","Schmitt","bozena.schmitt@vallet.com","2024-01-04 20:04:00.840999"
5103,"Aimee","Foconi","aimee.foconi@outlook.com","2024-01-04 20:04:00.840999"
3992,"Marzena","Carrero","marzena.carrero@roskoth.de","2024-01-04 20:04:00.840999"
2442,"Raisa","Poulain","raisa.poulain@fastwebnet.it","2024-01-04 20:04:00.840999"
2913,"Marcantonio","Bennett","marcantonio.bennett@hopkins.com.au","2024-01-04 20:04:00.840999"
1631,"Kenneth","Hurst","kenneth.hurst@meunier.net","2024-01-04 20:04:00.840999"
4073,"Marisela","Mende","marisela.mende@godoy-enriquez.com","2024-01-04 20:04:00.840999"
4568,"Blanka","Villareal","blanka.villareal@monduzzi.net","2024-01-04 20:04:00.840999"
1830,"Tomislav","Stoppani","tomislav.stoppani@corporacin.org","2024-01-04 20:04:00.840999"
2623,"Krystal","Ammaniti","krystal.ammaniti@barbier.fr","2024-01-04 20:04:00.840999"
4327,"Deanna","Aporti","deanna.aporti@bouygtel.fr","2024-01-04 20:04:00.840999"
3713,"Donatella","Burns","donatella.burns@yahoo.de","2024-01-04 20:04:00.840999"
2389,"Margrit","Hooper","margrit.hooper@douglas.com","2024-01-04 20:04:00.840999"
5141,"Baccio","Marcacci","baccio.marcacci@laposte.net","2024-01-04 20:04:00.840999"
3522,"Alfio","Roman","alfio.roman@hotmail.co.uk","2024-01-04 20:04:00.840999"
1334,"Soledad","Soto","soledad.soto@hotmail.de","2024-01-04 20:04:00.840999"
4721,"Josh","Cimarosa","josh.cimarosa@hotmail.com","2024-01-04 20:04:00.840999"
3768,"Nath","Rico","nath.rico@yahoo.com","2024-01-04 20:04:00.840999"
1639,"Gary","Armani","gary.armani@web.de","2024-01-04 20:04:00.840999"
5149,"Miriam","Oquendo","miriam.oquendo@smith-watson.biz","2024-01-04 20:04:00.840999"
2153,"Monica","Mohaupt","monica.mohaupt@live.com","2024-01-04 20:04:00.840999"
2767,"Alec","Ho","alec.ho@parra-esparza.com","2024-01-04 20:04:00.840999"
5124,"Harry","Fouquet","harry.fouquet@ibarra-cooper.com","2024-01-04 20:04:00.840999"
2097,"Arcelia","Babati","arcelia.babati@orange.fr","2024-01-04 20:04:00.840999"
4796,"Trinidad","Vespa","trinidad.vespa@gmail.com","2024-01-04 20:04:00.840999"
5849,"Colette","Ryan","colette.ryan@hotmail.com","2024-01-04 20:04:00.840999"
1495,"Richard","Andre","richard.andre@porras.org","2024-01-04 20:04:00.840999"
2462,"Ellinor","Leclercq","ellinor.leclercq@gmail.com","2024-01-04 20:04:00.840999"
2280,"Patricio","Guillon","patricio.guillon@web.de","2024-01-04 20:04:00.840999"
1877,"Kirsten","Chindamo","kirsten.chindamo@carrillo-wall.com","2024-01-04 20:04:00.840999"
6108,"Leo","Petruzzi","leo.petruzzi@yahoo.com","2024-01-04 20:04:00.840999"
4427,"Margot","Tomaselli","margot.tomaselli@junck.org","2024-01-04 20:04:00.840999"
2881,"Ansaldo","Marks","ansaldo.marks@patel-odonnell.com","2024-01-04 20:04:00.840999"
2339,"Regina","Morin","regina.morin@barcaccia.net","2024-01-04 20:04:00.840999"
5156,"Karla","Medici","karla.medici@yahoo.com","2024-01-04 20:04:00.840999"
4750,"Morgan","Irizarry","morgan.irizarry@williams-harris.biz","2024-01-04 20:04:00.840999"
4852,"Natividad","Wong","natividad.wong@hoevel.com","2024-01-04 20:04:00.840999"
5734,"Anna","Freeman","anna.freeman@snyder.net","2024-01-04 20:04:00.840999"
3801,"Emilia","Vivaldi","emilia.vivaldi@garnier.fr","2024-01-04 20:04:00.840999"
4474,"Gerda","Cook","gerda.cook@tin.it","2024-01-04 20:04:00.840999"
1992,"Andrey","Faure","andrey.faure@frederick-mitchell.info","2024-01-04 20:04:00.840999"
5796,"Charlotte","Duke","charlotte.duke@ochoa.org","2024-01-04 20:04:00.840999"
1373,"Cindy","Castillo","cindy.castillo@virgilio.it","2024-01-04 20:04:00.840999"
1879,"Hiltrud","Thibault","hiltrud.thibault@barbe.com","2024-01-04 20:04:00.840999"
3072,"Kasimir","Jaime","kasimir.jaime@gmail.com","2024-01-04 20:04:00.840999"
4561,"Sabine","Lachmann","sabine.lachmann@phillips.org","2024-01-04 20:04:00.840999"
5201,"Andrea","Arroyo","andrea.arroyo@yahoo.com.au","2024-01-04 20:04:00.840999"
5871,"Matthew","Velasquez","matthew.velasquez@gmail.com","2024-01-04 20:04:00.840999"
3041,"Severino","Linares","severino.linares@angeli.com","2024-01-04 20:04:00.840999"
5864,"Swantje","Lomeli","swantje.lomeli@gmx.de","2024-01-04 20:04:00.840999"
3999,"Marcus","Espino","marcus.espino@comolli.eu","2024-01-04 20:04:00.840999"
4849,"Allen","Gates","allen.gates@gmail.com","2024-01-04 20:04:00.840999"
5461,"Mauricio","Saunders","mauricio.saunders@hotmail.co.uk","2024-01-04 20:04:00.840999"
5946,"Gilbert","Cornejo","gilbert.cornejo@hotmail.com","2024-01-04 20:04:00.840999"
4508,"Letizia","Gulotta","letizia.gulotta@howard.biz","2024-01-04 20:04:00.840999"
5096,"Etta","Gutknecht","etta.gutknecht@leconte.net","2024-01-04 20:04:00.840999"
5443,"Shelley","Perry","shelley.perry@gierschner.de","2024-01-04 20:04:00.840999"
2165,"Geoffrey","Williams","geoffrey.williams@poste.it","2024-01-04 20:04:00.840999"
2125,"Cory","Stewart","cory.stewart@voila.fr","2024-01-04 20:04:00.840999"
6141,"Kristy","Bartlett","kristy.bartlett@outlook.com","2024-01-04 20:04:00.840999"
5245,"Gianluca","Beck","gianluca.beck@green.biz","2024-01-04 20:04:00.840999"
2190,"Guido","Krein","guido.krein@gmail.com","2024-01-04 20:04:00.840999"
2243,"Leif","Monnier","leif.monnier@querini.it","2024-01-04 20:04:00.840999"
3336,"Jonas","Badoer","jonas.badoer@kennedy.biz","2024-01-04 20:04:00.840999"
3305,"Devin","Ebert","devin.ebert@yahoo.fr","2024-01-04 20:04:00.840999"
6191,"Slobodan","Camiscione","slobodan.camiscione@hotmail.com","2024-01-04 20:04:00.840999"
1326,"Volkmar","Gauthier","volkmar.gauthier@hotmail.com","2024-01-04 20:04:00.840999"
6159,"Jordan","Rowe","jordan.rowe@outlook.com","2024-01-04 20:04:00.840999"
2003,"Manon","Daugherty","manon.daugherty@segre.com","2024-01-04 20:04:00.840999"
5881,"Estela","Segovia","estela.segovia@vodafone.it","2024-01-04 20:04:00.840999"
1918,"Giada","Celentano","giada.celentano@evans.net","2024-01-04 20:04:00.840999"
2157,"Clayton","Salcedo","clayton.salcedo@hotmail.co.uk","2024-01-04 20:04:00.840999"
3149,"Raven","Pinto","raven.pinto@hotmail.com","2024-01-04 20:04:00.840999"
2444,"Lewis","Lewis","lewis.lewis@pisano.net","2024-01-04 20:04:00.840999"
6207,"Rochus","Rousseau","rochus.rousseau@nguyen.com","2024-01-04 20:04:00.840999"
5580,"Belinda","Gamez","belinda.gamez@leleu.com","2024-01-04 20:04:00.840999"
5942,"Angelo","Lozano","angelo.lozano@macias.com","2024-01-04 20:04:00.840999"
1592,"Jorge","Monti","jorge.monti@clement.fr","2024-01-04 20:04:00.840999"
2344,"Ricky","Harrell","ricky.harrell@martin.edu","2024-01-04 20:04:00.840999"
5995,"Adriano","Wulf","adriano.wulf@schmidtke.net","2024-01-04 20:04:00.840999"
5022,"Pompeo","Bourdon","pompeo.bourdon@gmail.com","2024-01-04 20:04:00.840999"
5991,"Kristie","Garrett","kristie.garrett@wernecke.com","2024-01-04 20:04:00.840999"
4020,"Lodovico","Conley","lodovico.conley@yahoo.com","2024-01-04 20:04:00.840999"
6028,"Jean","Berthelot","jean.berthelot@oscuro.it","2024-01-04 20:04:00.840999"
2790,"Tadeusz","Medina","tadeusz.medina@jackson-clark.net","2024-01-04 20:04:00.840999"
4033,"Ruby","Carriera","ruby.carriera@hotmail.it","2024-01-04 20:04:00.840999"
1261,"Theres","Antonioni","theres.antonioni@hotmail.com","2024-01-04 20:04:00.840999"
1979,"Gloria","Morton","gloria.morton@outlook.com","2024-01-04 20:04:00.840999"
2122,"Graziano","Jensen","graziano.jensen@gmail.com","2024-01-04 20:04:00.840999"
4506,"Gianpaolo","Massey","gianpaolo.massey@bouvier.com","2024-01-04 20:04:00.840999"
3016,"Alain","Farmer","alain.farmer@hotmail.it","2024-01-04 20:04:00.840999"
3272,"Renato","Murillo","renato.murillo@club.com","2024-01-04 20:04:00.840999"
1375,"Edda","Ferraris","edda.ferraris@libero.it","2024-01-04 20:04:00.840999"
4014,"Luce","Marty","luce.marty@waehner.org","2024-01-04 20:04:00.840999"
3199,"Rotraud","Mitchell","rotraud.mitchell@laboratorios.com","2024-01-04 20:04:00.840999"
2184,"Israel","Watkins","israel.watkins@hotmail.com","2024-01-04 20:04:00.840999"
2170,"Nathan","Jennings","nathan.jennings@kim.com","2024-01-04 20:04:00.840999"
1478,"Gavin","Proietti","gavin.proietti@gmx.de","2024-01-04 20:04:00.840999"
6163,"Emma","Rios","emma.rios@yahoo.com.au","2024-01-04 20:04:00.840999"
1889,"Todd","Douglas","todd.douglas@web.de","2024-01-04 20:04:00.840999"
5912,"Oscar","Holsten","oscar.holsten@yahoo.com","2024-01-04 20:04:00.840999"
2537,"Ann","Peron","ann.peron@grupo.biz","2024-01-04 20:04:00.840999"
2118,"Senta","Grassi","senta.grassi@hotmail.com","2024-01-04 20:04:00.840999"
3234,"Kata","Mena","kata.mena@gmail.com","2024-01-04 20:04:00.840999"
3842,"Gianfranco","Hethur","gianfranco.hethur@stewart-lee.com.au","2024-01-04 20:04:00.840999"
3032,"Florentine","Saraceno","florentine.saraceno@gmail.com","2024-01-04 20:04:00.840999"
3238,"Giuliano","Bolzmann","giuliano.bolzmann@pacillo.it","2024-01-04 20:04:00.840999"
2059,"Alwine","Kostolzin","alwine.kostolzin@holloway.com","2024-01-04 20:04:00.840999"
5238,"Giacinto","Briggs","giacinto.briggs@yahoo.co.uk","2024-01-04 20:04:00.840999"
2578,"Holly","Negrete","holly.negrete@hotmail.com","2024-01-04 20:04:00.840999"
4789,"Mark","Trapanese","mark.trapanese@gmail.com","2024-01-04 20:04:00.840999"
2357,"Alyssa","Brun","alyssa.brun@chittolini-spadafora.it","2024-01-04 20:04:00.840999"
1235,"Cristina","Chevalier","cristina.chevalier@proyectos.com","2024-01-04 20:04:00.840999"
3558,"Shannon","Lefevre","shannon.lefevre@gmail.com","2024-01-04 20:04:00.840999"
1707,"Logan","Hornich","logan.hornich@tin.it","2024-01-04 20:04:00.840999"
2842,"Rosalia","Toro","rosalia.toro@free.fr","2024-01-04 20:04:00.840999"
5318,"Reiner","Poerio","reiner.poerio@yahoo.com","2024-01-04 20:04:00.840999"
1620,"Valentina","Pages","valentina.pages@hotmail.de","2024-01-04 20:04:00.840999"
4998,"Enrico","Fabre","enrico.fabre@gmail.com","2024-01-04 20:04:00.840999"
3111,"Sevim","Begue","sevim.begue@yahoo.com.au","2024-01-04 20:04:00.840999"
1424,"Sonja","Patberg","sonja.patberg@hotmail.com","2024-01-04 20:04:00.840999"
3244,"Christine","Hiller","christine.hiller@yahoo.com","2024-01-04 20:04:00.840999"
4643,"Maik","Beasley","maik.beasley@harper-brooks.biz","2024-01-04 20:04:00.840999"
6132,"Elliot","Santana","elliot.santana@gmx.de","2024-01-04 20:04:00.840999"
3790,"Eloy","Renzi","eloy.renzi@gmail.com","2024-01-04 20:04:00.840999"
1312,"Wolf","Lutz","wolf.lutz@nichols-jackson.com.au","2024-01-04 20:04:00.840999"
5686,"Giuseppe","Lee","giuseppe.lee@mahe.org","2024-01-04 20:04:00.840999"
2111,"Angelica","Cuellar","angelica.cuellar@zaguri-bellucci.net","2024-01-04 20:04:00.840999"
5685,"Bekir","Normand","bekir.normand@yahoo.de","2024-01-04 20:04:00.840999"
1905,"Carmine","Gonzales","carmine.gonzales@schleich.net","2024-01-04 20:04:00.840999"
3271,"Marianne","Hubert","marianne.hubert@hotmail.com","2024-01-04 20:04:00.840999"
4178,"Gonzalo","Montes","gonzalo.montes@hotmail.com","2024-01-04 20:04:00.840999"
3275,"Shelly","Guichard","shelly.guichard@gmail.com","2024-01-04 20:04:00.840999"
5713,"Tobias","Carbajal","tobias.carbajal@live.com","2024-01-04 20:04:00.840999"
3339,"Santiago","Berry","santiago.berry@aol.de","2024-01-04 20:04:00.840999"
5585,"Emilio","Davenport","emilio.davenport@zamora-russo.net","2024-01-04 20:04:00.840999"
4407,"Maurizio","Gute","maurizio.gute@knight.info","2024-01-04 20:04:00.840999"
1941,"Nadia","Travaglio","nadia.travaglio@colletti-broggini.com","2024-01-04 20:04:00.840999"
4690,"Elisa","Barkholz","elisa.barkholz@sfr.fr","2024-01-04 20:04:00.840999"
3607,"Cristal","Mazzini","cristal.mazzini@gmail.com","2024-01-04 20:04:00.840999"
2670,"Trevor","Granados","trevor.granados@gmail.com","2024-01-04 20:04:00.840999"
5261,"Matthieu","Mcdonald","matthieu.mcdonald@morrison.org","2024-01-04 20:04:00.840999"
4121,"Juliette","Preston","juliette.preston@gmail.com","2024-01-04 20:04:00.840999"
4620,"Stanislaw","Montalvo","stanislaw.montalvo@mcpherson-hughes.info","2024-01-04 20:04:00.840999"
4630,"Lilia","Lollobrigida","lilia.lollobrigida@le.com","2024-01-04 20:04:00.840999"
3440,"Brigitta","Shaw","brigitta.shaw@hotmail.co.uk","2024-01-04 20:04:00.840999"
3572,"Rebeca","Frey","rebeca.frey@gerard.fr","2024-01-04 20:04:00.840999"
5306,"Nicolas","Palacios","nicolas.palacios@meraz.com","2024-01-04 20:04:00.840999"
5122,"Susanna","Bonneau","susanna.bonneau@klingelhoefer.de","2024-01-04 20:04:00.840999"
1368,"Romina","Valentine","romina.valentine@hotmail.com","2024-01-04 20:04:00.840999"
5370,"Erika","Toussaint","erika.toussaint@sfr.fr","2024-01-04 20:04:00.840999"
5636,"Lothar","Laurent","lothar.laurent@garcia.com.au","2024-01-04 20:04:00.840999"
6033,"Chelsea","Verdugo","chelsea.verdugo@campbell.com","2024-01-04 20:04:00.840999"
3599,"Ria","Venier","ria.venier@murillo-estevez.com","2024-01-04 20:04:00.840999"
5566,"Carly","Summers","carly.summers@yahoo.co.uk","2024-01-04 20:04:00.840999"
1873,"Pasquale","Tomasini","pasquale.tomasini@hotmail.co.uk","2024-01-04 20:04:00.840999"
3904,"Stefani","Ughi","stefani.ughi@hotmail.it","2024-01-04 20:04:00.840999"
4453,"Jose","Huang","jose.huang@gmx.de","2024-01-04 20:04:00.840999"
5481,"Petros","Gaona","petros.gaona@googlemail.com","2024-01-04 20:04:00.840999"
2987,"Maximilian","Siering","maximilian.siering@gaito-fornaciari.org","2024-01-04 20:04:00.840999"
2431,"Ermenegildo","Holzapfel","ermenegildo.holzapfel@aol.de","2024-01-04 20:04:00.840999"
4158,"Damien","Leger","damien.leger@dixon.biz","2024-01-04 20:04:00.840999"
3753,"Zeferino","Barrera","zeferino.barrera@zedillo-velazquez.com","2024-01-04 20:04:00.840999"
4391,"Alfred","Pohl","alfred.pohl@fechner.net","2024-01-04 20:04:00.840999"
2026,"Marissa","Gaito","marissa.gaito@reed-campbell.edu","2024-01-04 20:04:00.840999"
4547,"Ariana","Houston","ariana.houston@hotmail.it","2024-01-04 20:04:00.840999"
2798,"Victor","Jacobs","victor.jacobs@young.com","2024-01-04 20:04:00.840999"
4732,"Henriette","Lang","henriette.lang@mimun.it","2024-01-04 20:04:00.840999"
5126,"Wilfriede","Baca","wilfriede.baca@caraballo.com","2024-01-04 20:04:00.840999"
5151,"Lucia","Riviere","lucia.riviere@samaniego.biz","2024-01-04 20:04:00.840999"
2134,"Gordon","Vigorelli","gordon.vigorelli@solano.com","2024-01-04 20:04:00.840999"
5786,"Diethard","Salgado","diethard.salgado@gmail.com","2024-01-04 20:04:00.840999"
5515,"Sue","Corrales","sue.corrales@cardenas-serna.org","2024-01-04 20:04:00.840999"
4530,"Arthur","Salazar","arthur.salazar@yahoo.com.au","2024-01-04 20:04:00.840999"
4088,"Fortunata","Schneider","fortunata.schneider@tiscali.it","2024-01-04 20:04:00.840999"
3667,"Gretchen","Serna","gretchen.serna@pichon.org","2024-01-04 20:04:00.840999"
3286,"Egon","Caron","egon.caron@hotmail.com","2024-01-04 20:04:00.840999"
4804,"Roberta","Finzi","roberta.finzi@knight-davies.co.uk","2024-01-04 20:04:00.840999"
5768,"Editha","Savage","editha.savage@davies.co.uk","2024-01-04 20:04:00.840999"
6098,"Allan","Emanuelli","allan.emanuelli@fernandes.org","2024-01-04 20:04:00.840999"
2508,"Laurence","Lucero","laurence.lucero@martin.org","2024-01-04 20:04:00.840999"
5779,"Istvan","Draghi","istvan.draghi@ifrance.com","2024-01-04 20:04:00.840999"
1717,"Luigi","Bonnet","luigi.bonnet@carriera-federico.it","2024-01-04 20:04:00.840999"
3368,"Yuridia","Fantozzi","yuridia.fantozzi@mcdonald.com","2024-01-04 20:04:00.840999"
4265,"Eraldo","Schmiedt","eraldo.schmiedt@hotmail.de","2024-01-04 20:04:00.840999"
4455,"Antoinette","Cox","antoinette.cox@bustamante.com","2024-01-04 20:04:00.840999"
2940,"Cameron","Ocampo","cameron.ocampo@hotmail.com.au","2024-01-04 20:04:00.840999"
6144,"Lynn","Lawson","lynn.lawson@leclercq.com","2024-01-04 20:04:00.840999"
3657,"Natalia","Seifert","natalia.seifert@ifrance.com","2024-01-04 20:04:00.840999"
1537,"Nuray","Anguillara","nuray.anguillara@yahoo.co.uk","2024-01-04 20:04:00.840999"
2116,"Beate","Morgan","beate.morgan@gmail.com","2024-01-04 20:04:00.840999"
5102,"Mario","Rees","mario.rees@gmx.de","2024-01-04 20:04:00.840999"
5815,"Galasso","Junken","galasso.junken@yahoo.co.uk","2024-01-04 20:04:00.840999"
4250,"Luca","Moses","luca.moses@franke.de","2024-01-04 20:04:00.840999"
4533,"Aurelio","Gertz","aurelio.gertz@hewitt.net","2024-01-04 20:04:00.840999"
3329,"Uberto","Steele","uberto.steele@outlook.com","2024-01-04 20:04:00.840999"
3606,"Annie","Hunter","annie.hunter@allen.co.uk","2024-01-04 20:04:00.840999"
4749,"Jo","Mccarty","jo.mccarty@hotmail.com","2024-01-04 20:04:00.840999"
2222,"Eitel","Lombard","eitel.lombard@thomas.net","2024-01-04 20:04:00.840999"
1939,"Susan","Vigliotti","susan.vigliotti@yahoo.co.uk","2024-01-04 20:04:00.840999"
2456,"Jacqueline","Germano","jacqueline.germano@valette.fr","2024-01-04 20:04:00.840999"
2794,"Fidel","Ruppert","fidel.ruppert@yahoo.co.uk","2024-01-04 20:04:00.840999"
2648,"Margaret","Eigenwillig","margaret.eigenwillig@yahoo.com","2024-01-04 20:04:00.840999"
2545,"Yvette","Harding","yvette.harding@yahoo.co.uk","2024-01-04 20:04:00.840999"
3273,"Federigo","Karge","federigo.karge@bohlander.com","2024-01-04 20:04:00.840999"
6155,"Guenther","Armenta","guenther.armenta@free.fr","2024-01-04 20:04:00.840999"
6064,"Coriolano","Higgins","coriolano.higgins@murphy.org.au","2024-01-04 20:04:00.840999"
1729,"Felix","Rubio","felix.rubio@ebert.de","2024-01-04 20:04:00.840999"
4969,"Melanie","Leveque","melanie.leveque@fleury.net","2024-01-04 20:04:00.840999"
3402,"Abbie","Galeati","abbie.galeati@ubaldi.it","2024-01-04 20:04:00.840999"
2810,"Vittorio","Caccioppoli","vittorio.caccioppoli@yahoo.com","2024-01-04 20:04:00.840999"
2217,"Biagio","Valenzuela","biagio.valenzuela@robinson.info","2024-01-04 20:04:00.840999"
5140,"Dario","Green","dario.green@live.com","2024-01-04 20:04:00.840999"
4497,"Alwina","Textor","alwina.textor@poste.it","2024-01-04 20:04:00.840999"
5100,"Diether","Baeza","diether.baeza@grupo.biz","2024-01-04 20:04:00.840999"
3390,"Sole","Trevino","sole.trevino@hotmail.com","2024-01-04 20:04:00.840999"
1926,"Darren","Bernardi","darren.bernardi@brooks-martin.com","2024-01-04 20:04:00.840999"
3264,"Martina","Heser","martina.heser@morellato.it","2024-01-04 20:04:00.840999"
2573,"Bethan","Giacometti","bethan.giacometti@gmail.com","2024-01-04 20:04:00.840999"
3628,"Ethan","Duhamel","ethan.duhamel@sfr.fr","2024-01-04 20:04:00.840999"
3826,"Corrado","Warren","corrado.warren@hotmail.com.au","2024-01-04 20:04:00.840999"
5983,"Damian","Pulido","damian.pulido@yahoo.de","2024-01-04 20:04:00.840999"
5678,"Dino","Osborne","dino.osborne@despacho.com","2024-01-04 20:04:00.840999"
2093,"Nicolaus","Bernetti","nicolaus.bernetti@aol.de","2024-01-04 20:04:00.840999"
5333,"Gianna","Carroll","gianna.carroll@perez.com","2024-01-04 20:04:00.840999"
5139,"Grit","Knight","grit.knight@web.de","2024-01-04 20:04:00.840999"
3173,"Erin","Weinhold","erin.weinhold@hotmail.fr","2024-01-04 20:04:00.840999"
3333,"Craig","Jordan","craig.jordan@gmail.com","2024-01-04 20:04:00.840999"
2262,"Homero","Respighi","homero.respighi@gmail.com","2024-01-04 20:04:00.840999"
1531,"Fanny","Pertile","fanny.pertile@gmail.com","2024-01-04 20:04:00.840999"
4881,"Fridolin","Comboni","fridolin.comboni@graf.com","2024-01-04 20:04:00.840999"
3928,"Hugh","Cantu","hugh.cantu@libero.it","2024-01-04 20:04:00.840999"
1803,"Alphons","Simmons","alphons.simmons@hotmail.com","2024-01-04 20:04:00.840999"
2321,"Ludovico","Cafarchia","ludovico.cafarchia@gmail.com","2024-01-04 20:04:00.840999"
6234,"Nico","Kaiser","nico.kaiser@almonte.com","2024-01-04 20:04:00.840999"
1422,"Kirsty","Lamy","kirsty.lamy@alonzi.it","2024-01-04 20:04:00.840999"
2660,"Joshua","Scheibe","joshua.scheibe@turci.org","2024-01-04 20:04:00.840999"
5361,"Carin","Pineau","carin.pineau@yahoo.com","2024-01-04 20:04:00.840999"
3420,"Ellie","Galarza","ellie.galarza@pareto-cattaneo.net","2024-01-04 20:04:00.840999"
4337,"Marion","Lira","marion.lira@ifrance.com","2024-01-04 20:04:00.840999"
2338,"Aurelia","Angiolello","aurelia.angiolello@lord.com","2024-01-04 20:04:00.840999"
4140,"Maura","Ravaglioli","maura.ravaglioli@yahoo.com","2024-01-04 20:04:00.840999"
2373,"Brunhilde","Fletcher","brunhilde.fletcher@schomber.de","2024-01-04 20:04:00.840999"
1344,"Ottfried","Marques","ottfried.marques@tyler-watson.info","2024-01-04 20:04:00.840999"
2141,"Christelle","Blasi","christelle.blasi@morris-chan.com","2024-01-04 20:04:00.840999"
3415,"Augusto","Vercelloni","augusto.vercelloni@club-internet.fr","2024-01-04 20:04:00.840999"
5696,"Michela","Pruvost","michela.pruvost@holt.co.uk","2024-01-04 20:04:00.840999"
1798,"Guarino","Escalante","guarino.escalante@hotmail.com","2024-01-04 20:04:00.840999"
1657,"Gabriela","Padilla","gabriela.padilla@pearson-russell.com","2024-01-04 20:04:00.840999"
3651,"Agathe","Dias","agathe.dias@jackson.com","2024-01-04 20:04:00.840999"
3574,"Werner","Kallert","werner.kallert@gmail.com","2024-01-04 20:04:00.840999"
6063,"Lore","Delaunay","lore.delaunay@yahoo.com","2024-01-04 20:04:00.840999"
2404,"Enzio","Campos","enzio.campos@tim.it","2024-01-04 20:04:00.840999"
2705,"Walther","Duarte","walther.duarte@web.de","2024-01-04 20:04:00.840999"
5059,"Adelgunde","Trevisan","adelgunde.trevisan@gmail.com","2024-01-04 20:04:00.840999"
5466,"Thierry","Schwartz","thierry.schwartz@travaglio.net","2024-01-04 20:04:00.840999"
5821,"Katie","Andersen","katie.andersen@haney.com.au","2024-01-04 20:04:00.840999"
5385,"Kathy","Zamorani","kathy.zamorani@hotmail.com","2024-01-04 20:04:00.840999"
3506,"Giuseppina","Tanguy","giuseppina.tanguy@wanadoo.fr","2024-01-04 20:04:00.840999"
5427,"Jack","Klapp","jack.klapp@hotmail.com.au","2024-01-04 20:04:00.840999"
6142,"Tom","Leconte","tom.leconte@woods-johnson.com","2024-01-04 20:04:00.840999"
2873,"Bonnie","Cignaroli","bonnie.cignaroli@yahoo.com","2024-01-04 20:04:00.840999"
3916,"Danny","Farrell","danny.farrell@hotmail.com","2024-01-04 20:04:00.840999"
1687,"Fiorenzo","Bauer","fiorenzo.bauer@gmail.com","2024-01-04 20:04:00.840999"
1542,"Randy","Alfieri","randy.alfieri@verri.org","2024-01-04 20:04:00.840999"
3087,"Tim","Bradley","tim.bradley@schlosser.de","2024-01-04 20:04:00.840999"
3857,"Yves","Mendez","yves.mendez@gmail.com","2024-01-04 20:04:00.840999"
5921,"Raffaella","Esquivel","raffaella.esquivel@gmail.com","2024-01-04 20:04:00.840999"
3144,"Lawrence","Vasari","lawrence.vasari@castillo.edu","2024-01-04 20:04:00.840999"
2676,"Sam","Adams","sam.adams@yahoo.com","2024-01-04 20:04:00.840999"
3646,"Mirco","Nicolini","mirco.nicolini@blin.net","2024-01-04 20:04:00.840999"
1321,"Graham","Bajardi","graham.bajardi@yahoo.com","2024-01-04 20:04:00.840999"
1399,"Luc","Quinn","luc.quinn@walker.com","2024-01-04 20:04:00.840999"
3169,"Stella","Ullrich","stella.ullrich@hotmail.com.au","2024-01-04 20:04:00.840999"
2058,"Calcedonio","Remy","calcedonio.remy@edwards-benton.com","2024-01-04 20:04:00.840999"
1300,"Nanni","Almaraz","nanni.almaraz@martin.com","2024-01-04 20:04:00.840999"
2075,"Pascual","Corradi","pascual.corradi@lopez.net.au","2024-01-04 20:04:00.840999"
2984,"Kristi","Grant","kristi.grant@yahoo.co.uk","2024-01-04 20:04:00.840999"
4768,"Manuel","Gracia","manuel.gracia@trussardi.eu","2024-01-04 20:04:00.840999"
3682,"Gionata","Hussain","gionata.hussain@yahoo.com","2024-01-04 20:04:00.840999"
5901,"Maria","Nguyen","maria.nguyen@hernadez.com","2024-01-04 20:04:00.840999"
3540,"Leon","Baker","leon.baker@hotmail.com","2024-01-04 20:04:00.840999"
2225,"Gianmarco","Alcaraz","gianmarco.alcaraz@zacchia.net","2024-01-04 20:04:00.840999"
1485,"Derrick","Little","derrick.little@small.org","2024-01-04 20:04:00.840999"
5343,"Terry","Ramirez","terry.ramirez@hotmail.co.uk","2024-01-04 20:04:00.840999"
5594,"Katarina","Clarke","katarina.clarke@hotmail.com.au","2024-01-04 20:04:00.840999"
2482,"Leila","Washington","leila.washington@gmail.com","2024-01-04 20:04:00.840999"
2706,"Mirko","Townsend","mirko.townsend@schmitt.com","2024-01-04 20:04:00.840999"
4861,"Randall","Connolly","randall.connolly@jovinelli-castelli.com","2024-01-04 20:04:00.840999"
2961,"Pia","Burgess","pia.burgess@proyectos.org","2024-01-04 20:04:00.840999"
3043,"Justine","Mancini","justine.mancini@tiscali.it","2024-01-04 20:04:00.840999"
6103,"Reynaldo","Wagenknecht","reynaldo.wagenknecht@faure.com","2024-01-04 20:04:00.840999"
4708,"Toni","Magrassi","toni.magrassi@gmail.com","2024-01-04 20:04:00.840999"
4395,"Patrizio","Cisneros","patrizio.cisneros@martinez.edu.au","2024-01-04 20:04:00.840999"
4912,"Durante","Lindner","durante.lindner@picard.fr","2024-01-04 20:04:00.840999"
2030,"Rosl","Lamborghini","rosl.lamborghini@hiller.net","2024-01-04 20:04:00.840999"
5235,"Ugo","Harrison","ugo.harrison@morley-chapman.co.uk","2024-01-04 20:04:00.840999"
5001,"Isidor","Carpenter","isidor.carpenter@chauvin.com","2024-01-04 20:04:00.840999"
4093,"Marie","Zoppetto","marie.zoppetto@kallert.de","2024-01-04 20:04:00.840999"
2576,"Branko","Chambers","branko.chambers@ifrance.com","2024-01-04 20:04:00.840999"
6122,"Alan","Pineda","alan.pineda@proyectos.info","2024-01-04 20:04:00.840999"
2813,"Carmen","Oestrovsky","carmen.oestrovsky@gmail.com","2024-01-04 20:04:00.840999"
3737,"Shane","Fernandez","shane.fernandez@hotmail.de","2024-01-04 20:04:00.840999"
2803,"Debbie","Guilbert","debbie.guilbert@berg.edu","2024-01-04 20:04:00.840999"
5508,"Vito","Dossi","vito.dossi@hotmail.co.uk","2024-01-04 20:04:00.840999"
3850,"Evan","Schacht","evan.schacht@price.com","2024-01-04 20:04:00.840999"
4220,"Mandy","Weston","mandy.weston@free.fr","2024-01-04 20:04:00.840999"
4532,"Paulo","Zito","paulo.zito@nelson.biz","2024-01-04 20:04:00.840999"
6013,"Alberto","Girschner","alberto.girschner@laboratorios.com","2024-01-04 20:04:00.840999"
3396,"Giacomo","Bouvet","giacomo.bouvet@gmail.com","2024-01-04 20:04:00.840999"
4401,"Ehrentraud","Puga","ehrentraud.puga@laboratorios.com","2024-01-04 20:04:00.840999"
2981,"Cristian","Hale","cristian.hale@hotmail.co.uk","2024-01-04 20:04:00.840999"
4467,"Lilija","Charles","lilija.charles@gmail.com","2024-01-04 20:04:00.840999"
1377,"Albert","Legendre","albert.legendre@lee.com","2024-01-04 20:04:00.840999"
5036,"Marisa","Renaud","marisa.renaud@smith.org","2024-01-04 20:04:00.840999"
5761,"Sharon","Diallo","sharon.diallo@gmail.com","2024-01-04 20:04:00.840999"
3699,"Eduardo","Delattre","eduardo.delattre@lynch.net.au","2024-01-04 20:04:00.840999"
4519,"Bernadette","Wang","bernadette.wang@gmail.com","2024-01-04 20:04:00.840999"
5395,"Dina","Gibbons","dina.gibbons@brewer.net","2024-01-04 20:04:00.840999"
3057,"Clara","Armstrong","clara.armstrong@vodafone.it","2024-01-04 20:04:00.840999"
2741,"Elliott","Herrmann","elliott.herrmann@hotmail.com.au","2024-01-04 20:04:00.840999"
1675,"Graziella","Vidal","graziella.vidal@hotmail.com","2024-01-04 20:04:00.840999"
2712,"Francisca","Becerra","francisca.becerra@young.com.au","2024-01-04 20:04:00.840999"
4527,"Edeltrud","Boyer","edeltrud.boyer@outlook.com","2024-01-04 20:04:00.840999"
1722,"Julian","Noble","julian.noble@hill.org.au","2024-01-04 20:04:00.840999"
4330,"Christophe","Bohnbach","christophe.bohnbach@ifrance.com","2024-01-04 20:04:00.840999"
5219,"Ippazio","Angulo","ippazio.angulo@yahoo.com","2024-01-04 20:04:00.840999"
4997,"Grace","Kroker","grace.kroker@hotmail.com","2024-01-04 20:04:00.840999"
2239,"Jared","Ferguson","jared.ferguson@roberts.com","2024-01-04 20:04:00.840999"
4587,"Virginie","McLean","virginie.mclean@yahoo.com","2024-01-04 20:04:00.840999"
4113,"Mason","Potter","mason.potter@gmail.com","2024-01-04 20:04:00.840999"
4762,"Aaron","Anaya","aaron.anaya@hotmail.com.au","2024-01-04 20:04:00.840999"
5242,"Leah","Ornelas","leah.ornelas@gmail.com","2024-01-04 20:04:00.840999"
5765,"Harald","Roy","harald.roy@web.de","2024-01-04 20:04:00.840999"
2185,"Micaela","Martel","micaela.martel@hotmail.com","2024-01-04 20:04:00.840999"
5500,"Vincentio","Sanders","vincentio.sanders@voila.fr","2024-01-04 20:04:00.840999"
3494,"Bettina","Norbiato","bettina.norbiato@allen-lutz.org","2024-01-04 20:04:00.840999"
3924,"Julio","Renner","julio.renner@industrias.net","2024-01-04 20:04:00.840999"
3521,"Jelena","Stiffel","jelena.stiffel@trupp.de","2024-01-04 20:04:00.840999"
5262,"Guadalupe","Munoz","guadalupe.munoz@murray-hamilton.com.au","2024-01-04 20:04:00.840999"
3684,"Whitney","Noack","whitney.noack@laboratorios.org","2024-01-04 20:04:00.840999"
5784,"Gelsomina","Migliaccio","gelsomina.migliaccio@junk.com","2024-01-04 20:04:00.840999"
1498,"Evangelista","Pereira","evangelista.pereira@thompson-peterson.biz","2024-01-04 20:04:00.840999"
6073,"Gareth","Comolli","gareth.comolli@tiscali.fr","2024-01-04 20:04:00.840999"
4939,"Michelangelo","Hess","michelangelo.hess@bouygtel.fr","2024-01-04 20:04:00.840999"
